ResponseID,ResponseSet,Name,ExternalDataReference,EmailAddress,Status,StartDate,EndDate,Finished,study_number,Critical instructions! Evaluate the economy under 17 hypothetical presidents who are serving in thei...,epc_1949,epc_1953,epc_1957,epc_1961,epc_1965,epc_1969,epc_1973,epc_1977,epc_1981,epc_1985,epc_1989,epc_1993,epc_1997,epc_2001,epc_2005,epc_2009,epc_2013,econ_weight_future-Year 1,econ_weight_future-Year 2,econ_weight_future-Year 3,econ_weight_future-Year 4,attention_2-pink,attention_2-red,attention_2-green,attention_2-white,attention_2-yellow,attention_2-blue,"As you may have heard, Mitt Romney recently chose Paul Ryan as his running mate for the 2012 preside...",Do you think Romney chose the correct running mate?,How likely are you to vote / for the Romney/Ryan ticket in November?,"As you may have heard, Mitt Romney recently chose Paul Ryan (shown below) as his running mate for th...",Do you think Romney chose the correct running mate?,How likely are you to vote / for the Romney/Ryan ticket in November?,"As you may have heard, Chris Christie was recently chosen as / the keynote speaker for the Republican...",Do you think Romney chose the correct running mate?,How likely would you have / been to vote for a Romney/Christie ticket in November?,"As you may have heard, Chris Christie (shown below) was recently chosen as the keynote speaker for t...",Do you think Romney chose the correct running mate?,How likely would you have / been to vote for a Romney/Christie ticket in November?,Thanks again! Any comments? (optional)
R_1Hvzln7c881F4hf,Default Response Set,Anonymous,,,0,8/16/2012 15:47,8/16/2012 15:50,1,1217,1,4,2,4,4,2,4,4,3,4,3,4,3,3,3,3,3,3,25,35,30,10,,,1,,1,,1,3,1,,,,,,,,,,none thank you
R_38etSZ2QcG7izbL,Default Response Set,Anonymous,,,0,8/16/2012 15:49,8/16/2012 15:52,1,1217,1,1,3,3,3,2,3,2,3,2,1,3,3,2,3,3,3,2,15,35,25,25,,,1,,1,,1,3,1,,,,,,,,,,
R_3dYirZaqbnxXScJ,Default Response Set,Anonymous,,,0,8/16/2012 15:48,8/16/2012 15:54,1,1217,1,1,3,3,2,2,4,2,3,2,1,4,3,3,3,3,3,2,20,20,30,30,,,1,,1,,1,1,6,,,,,,,,,,
R_86xkhuCJRlEPf37,Default Response Set,Anonymous,,,0,8/16/2012 15:50,8/16/2012 15:54,1,1217,1,4,1,4,4,3,4,4,4,4,3,4,4,3,3,4,3,3,5,10,30,55,,,1,,1,,,,,1,3,1,,,,,,,Thanks
R_a3IqRqEVR6qf5Ah,Default Response Set,Anonymous,,,0,8/16/2012 15:51,8/16/2012 15:56,1,1217,1,3,1,1,3,2,3,3,4,3,2,4,3,2,2,3,3,2,25,30,20,25,,,1,,1,,,,,,,,1,2,1,,,,Interesting survey!  Thanks for the opportunity!
R_exoWEIBOGspajad,Default Response Set,Anonymous,,,0,8/16/2012 15:53,8/16/2012 15:56,1,1217,1,1,2,2,3,2,3,2,4,2,1,4,3,2,3,3,3,1,10,50,15,25,,,1,,1,,,,,1,3,5,,,,,,,
R_aW9U6ITUZdH2mH3,Default Response Set,Anonymous,,,0,8/16/2012 15:52,8/16/2012 15:56,1,1217,1,4,2,2,2,1,3,3,3,3,2,2,2,1,3,3,2,2,25,25,25,25,1,,,,,,,,,1,2,1,,,,,,,
R_1Ghtq2RtoeyENHT,Default Response Set,Anonymous,,,0,8/16/2012 15:53,8/16/2012 15:57,1,1217,1,1,2,1,3,1,3,4,4,2,1,4,3,1,4,2,3,1,25,25,25,25,,,1,,1,,1,2,1,,,,,,,,,,
R_ehuk6fVNe9FZtVX,Default Response Set,Anonymous,,,0,8/16/2012 15:55,8/16/2012 15:57,1,1217,1,4,1,4,4,3,4,4,4,3,3,4,3,2,4,4,3,3,26,26,26,22,,,1,,1,,1,3,4,,,,,,,,,,
R_aXjLycK8k3SRUnX,Default Response Set,Anonymous,,,0,8/16/2012 15:55,8/16/2012 15:58,1,1217,1,4,2,4,4,3,4,4,4,3,3,4,3,3,3,4,3,2,10,20,30,40,,,1,,1,,,,,1,3,1,,,,,,,
R_6JAyZJjyPAw59nT,Default Response Set,Anonymous,,,0,8/16/2012 15:54,8/16/2012 15:58,1,1217,1,4,1,3,3,3,4,4,4,3,3,3,3,3,3,4,3,3,10,20,30,40,,,1,,1,,1,3,1,,,,,,,,,,
R_71VYfVC2AIgELoV,Default Response Set,Anonymous,,,0,8/16/2012 15:54,8/16/2012 15:58,1,1217,1,3,2,2,3,2,3,4,3,2,2,3,3,2,2,3,2,2,10,40,40,10,,,1,,1,,,,,,,,1,3,1,,,,
R_bq1LZPGt6o3Phd3,Default Response Set,Anonymous,,,0,8/16/2012 15:54,8/16/2012 15:58,1,1217,1,3,2,3,3,2,3,3,3,3,2,4,3,2,2,3,3,2,20,25,25,30,,,1,,1,,,,,,,,1,2,3,,,,
R_eeZbKaVnXfb7WKx,Default Response Set,Anonymous,,,0,8/16/2012 15:55,8/16/2012 15:59,1,1217,1,4,1,3,3,1,3,3,3,2,2,3,3,2,2,3,3,2,30,30,20,20,,,1,,1,,,,,1,1,7,,,,,,,NOPE
R_2hO01Ic5pnF0QnP,Default Response Set,Anonymous,,,0,8/16/2012 15:50,8/16/2012 16:01,1,1217,1,1,1,2,3,2,4,3,4,2,2,4,3,2,4,3,3,2,10,20,30,40,,,1,,1,,,,,,,,1,3,1,,,,
R_5aIUIxmPQeT6vmR,Default Response Set,Anonymous,,,0,8/16/2012 15:57,8/16/2012 16:01,1,1217,1,3,2,3,4,2,4,4,4,3,3,4,3,3,3,4,4,4,28,22,15,35,,,1,,1,1,1,3,1,,,,,,,,,,
R_80MadZC9dWlaLEp,Default Response Set,Anonymous,,,0,8/16/2012 15:57,8/16/2012 16:01,1,1217,1,2,2,2,3,2,4,3,4,3,3,3,2,2,3,3,3,2,30,20,20,30,,,1,,1,,,,,,,,1,2,1,,,,
R_e2jawfZDSXIsnlj,Default Response Set,Anonymous,,,0,8/16/2012 15:59,8/16/2012 16:01,1,1217,1,1,1,3,1,2,3,3,3,2,2,3,3,2,2,3,2,2,20,20,25,35,,,1,,1,,,,,1,2,2,,,,,,,none
R_08nE1ODVveoPGF7,Default Response Set,Anonymous,,,0,8/16/2012 15:56,8/16/2012 16:01,1,1217,1,1,3,2,3,2,4,2,3,3,1,4,3,2,3,3,3,1,10,15,25,50,,,1,,1,,,,,,,,1,2,2,,,,
R_5i4MyQFRCAJ6ieV,Default Response Set,Anonymous,,,0,8/16/2012 15:58,8/16/2012 16:02,1,1217,1,1,1,1,2,1,4,2,4,2,1,3,3,2,3,3,3,1,20,25,30,25,,,1,,1,,,,,,,,1,3,2,,,,
R_574FROJ291YKstv,Default Response Set,Anonymous,,,0,8/16/2012 15:54,8/16/2012 16:02,1,1217,1,4,2,4,4,3,4,4,4,3,3,4,4,3,4,4,4,3,20,10,50,20,,,1,,1,,,,,,,,,,,1,3,1,
R_bKti8jC3SxttvjD,Default Response Set,Anonymous,,,0,8/16/2012 16:01,8/16/2012 16:03,1,1217,1,1,1,2,3,1,4,3,2,1,1,4,3,2,2,2,2,1,20,20,20,40,,,1,,1,,1,3,2,,,,,,,,,,interseting
R_baaj3UGQMtKUDZz,Default Response Set,Anonymous,,,0,8/16/2012 15:59,8/16/2012 16:03,1,1217,1,4,1,3,3,1,4,4,4,2,3,4,4,2,2,4,2,1,70,20,5,5,,,1,,1,,,,,1,2,1,,,,,,,
R_b9RbXAeT3loXbLL,Default Response Set,Anonymous,,,0,8/16/2012 15:57,8/16/2012 16:03,1,1217,1,4,2,3,3,2,4,4,4,3,1,4,3,2,4,3,4,2,10,20,30,40,,,1,,1,,,,,,,,,,,1,2,1,
R_7NVthsxPGENCt6Z,Default Response Set,Anonymous,,,0,8/16/2012 16:01,8/16/2012 16:04,1,1217,1,1,2,1,3,2,3,2,3,2,1,4,3,2,3,2,3,1,25,25,25,25,,,1,,1,,,,,1,1,5,,,,,,,
R_bedwRoVxFOxAju5,Default Response Set,Anonymous,,,0,8/16/2012 16:02,8/16/2012 16:04,1,1217,1,1,3,3,2,2,4,2,4,1,1,4,3,3,4,3,3,1,0,25,25,50,,,1,,1,,,,,1,3,2,,,,,,,
R_5pBArmwTrTjJNcN,Default Response Set,Anonymous,,,0,8/16/2012 16:00,8/16/2012 16:05,1,1217,1,4,2,2,3,2,3,3,3,2,3,3,2,2,2,4,2,2,22,26,23,29,,,1,,1,,1,3,1,,,,,,,,,,
R_bvFj6kXNIEr5tmR,Default Response Set,Anonymous,,,0,8/16/2012 16:02,8/16/2012 16:05,1,1217,1,2,2,3,3,2,4,4,4,3,3,4,3,3,3,4,4,2,10,20,30,40,,,1,,1,,,,,,,,,,,1,2,2,Nice quick survey!
R_ah0RrT7sPczQSyx,Default Response Set,Anonymous,,,0,8/16/2012 16:03,8/16/2012 16:06,1,1217,1,4,1,3,4,3,4,4,4,3,2,4,3,2,2,3,3,2,25,25,25,25,,,1,,1,,,,,,,,1,2,1,,,,
R_4UxgYFV28DaBXXT,Default Response Set,Anonymous,,,0,8/16/2012 15:59,8/16/2012 16:06,1,1217,1,4,1,3,3,3,4,4,3,3,3,4,3,3,3,3,3,3,50,25,15,10,,,,,1,,,,,,,,,,,1,3,1,
R_eeUMNIxtxttMaPj,Default Response Set,Anonymous,,,0,8/16/2012 16:03,8/16/2012 16:07,1,1217,1,1,4,3,2,2,4,2,4,2,1,4,4,3,4,3,3,2,10,10,20,60,,,1,,1,,1,1,1,,,,,,,,,,n.a
R_4TuDJ3UrJwCiltr,Default Response Set,Anonymous,,,0,8/16/2012 16:02,8/16/2012 16:07,1,1217,1,3,2,3,3,2,4,4,4,3,3,4,4,3,4,4,3,2,15,20,30,35,,,1,,1,,,,,,,,,,,1,3,2,Love the photo you chose to show of Chris Christie!
R_2hM858xd83Zu7wF,Default Response Set,Anonymous,,,0,8/16/2012 16:03,8/16/2012 16:07,1,1217,1,4,2,4,3,3,4,4,4,3,3,4,3,3,3,4,3,3,25,25,25,25,,,1,,1,,,,,,,,1,3,5,,,,
R_ewEkmLGZC9aoW5D,Default Response Set,Anonymous,,,0,8/16/2012 16:00,8/16/2012 16:07,1,1217,1,2,2,2,3,3,4,2,3,3,3,4,3,3,3,3,2,2,10,20,25,45,,,1,,1,,,,,1,3,4,,,,,,,
R_7WKZiLH3QCsl7RX,Default Response Set,Anonymous,,,0,8/16/2012 16:04,8/16/2012 16:07,1,1217,1,4,1,3,3,3,3,4,3,3,3,4,3,2,2,3,2,2,10,10,20,60,,,1,,1,,1,2,1,,,,,,,,,,
R_37tguRygmUHtn5H,Default Response Set,Anonymous,,,0,8/16/2012 16:04,8/16/2012 16:08,1,1217,1,4,1,3,2,2,4,4,4,3,2,3,3,2,3,4,3,2,25,25,25,25,,,1,,1,,1,3,3,,,,,,,,,,
R_0cTX0gFw7P6ohbn,Default Response Set,Anonymous,,,0,8/16/2012 16:02,8/16/2012 16:10,1,1217,1,4,2,2,3,2,4,4,4,3,3,3,3,3,4,4,3,2,30,30,20,20,,,1,,1,,,,,,,,1,2,2,,,,No
R_ekCYA05EfnlpHJb,Default Response Set,Anonymous,,,0,8/16/2012 16:01,8/16/2012 16:10,1,1217,1,1,1,1,3,2,3,3,3,3,2,4,3,2,3,3,3,2,20,25,20,35,,,1,,1,,1,3,2,,,,,,,,,,
R_b43QDCWhda5AOiN,Default Response Set,Anonymous,,,0,8/16/2012 16:06,8/16/2012 16:10,1,1217,1,4,1,2,3,1,3,4,3,3,2,3,3,1,2,4,2,2,25,35,25,15,,,1,,1,,,,,,,,,,,1,2,1,
R_74h3bLCZrCZoq4l,Default Response Set,Anonymous,,,0,8/16/2012 16:09,8/16/2012 16:11,1,1217,1,1,1,1,3,2,3,2,3,2,1,3,3,2,3,3,3,2,25,20,25,30,,,1,,1,,,,,,,,1,3,1,,,,
R_3kmx20cbK8WWSqh,Default Response Set,Anonymous,,,0,8/16/2012 16:07,8/16/2012 16:12,1,1217,1,3,2,2,3,2,4,4,3,3,2,3,3,2,2,3,3,2,15,15,45,25,,,1,,1,,,,,,,,,,,1,1,2,"Interesting survey, thank you!"
R_eerc7ffyDxYlE6V,Default Response Set,Anonymous,,,0,8/16/2012 16:07,8/16/2012 16:12,1,1217,1,2,1,3,3,2,4,4,3,2,3,3,3,2,3,4,3,2,10,20,30,40,,,1,,1,,,,,,,,1,3,1,,,,I'm not voting for Romney no matter who we partners up with.
R_2gmvP6sjqxZ8eKV,Default Response Set,Anonymous,,,0,8/16/2012 16:10,8/16/2012 16:13,1,1217,1,3,2,2,3,2,4,3,4,3,2,4,3,3,3,3,3,1,10,10,10,70,,,1,,1,,1,3,1,,,,,,,,,,
R_8IbYj0TDUDirdAN,Default Response Set,Anonymous,,,0,8/16/2012 16:11,8/16/2012 16:14,1,1217,1,3,1,3,2,2,3,3,4,2,2,4,3,2,2,3,3,1,15,35,35,15,,,1,,1,,,,,,,,1,2,1,,,,none
R_d4Qu3hOS9aB85IV,Default Response Set,Anonymous,,,0,8/16/2012 16:12,8/16/2012 16:14,1,1217,1,1,1,2,1,2,2,2,2,2,1,1,2,2,2,2,2,2,25,25,25,25,,,1,,1,,1,2,1,,,,,,,,,,
R_cNh1v5F7qOIN2x7,Default Response Set,Anonymous,,,0,8/16/2012 16:08,8/16/2012 16:14,1,1217,1,2,3,2,3,2,3,4,3,2,2,3,3,2,4,3,2,1,35,25,25,15,,,1,,1,,,,,,,,1,3,6,,,,
R_2fLIJFKbOwk1MFv,Default Response Set,Anonymous,,,0,8/16/2012 16:12,8/16/2012 16:14,1,1217,1,1,3,2,2,3,3,3,3,1,2,4,3,2,3,4,3,1,40,30,20,10,,1,,,,,,,,1,2,1,,,,,,,
R_emtxDMCUQtDIJoh,Default Response Set,Anonymous,,,0,8/16/2012 16:11,8/16/2012 16:15,1,1217,1,3,2,4,4,3,2,4,4,3,3,3,3,2,4,4,3,2,10,20,40,30,,,1,,1,,1,1,6,,,,,,,,,,
R_e2qD5akxv3QT6ap,Default Response Set,Anonymous,,,0,8/16/2012 16:14,8/16/2012 16:16,1,1217,1,4,3,2,3,2,2,4,3,1,2,4,1,4,3,2,1,4,25,25,25,25,,,1,,1,,,,,,,,,,,1,2,1,
R_1GhynEbq3IQA4aF,Default Response Set,Anonymous,,,0,8/16/2012 16:12,8/16/2012 16:16,1,1217,1,4,2,4,4,3,4,4,3,3,4,4,3,3,3,4,3,3,10,20,30,40,,,1,,1,,,,,,,,1,3,7,,,,
R_1z6R0v9TuWASYIt,Default Response Set,Anonymous,,,0,8/16/2012 16:14,8/16/2012 16:17,1,1217,1,4,1,3,3,1,3,3,3,2,2,4,3,2,3,4,3,2,10,15,25,50,,,1,,,,,,,,,,,,,1,2,3,
R_4ZOSy1eqnFKFlXL,Default Response Set,Anonymous,,,0,8/16/2012 16:15,8/16/2012 16:17,1,1217,1,2,2,3,3,2,1,4,3,2,2,3,3,2,3,3,3,2,34,32,21,13,,,1,,1,,1,2,1,,,,,,,,,,
R_5jOOq20wNx6T5d3,Default Response Set,Anonymous,,,0,8/16/2012 16:15,8/16/2012 16:19,1,1217,1,3,1,3,2,1,4,1,2,3,1,3,4,2,3,3,4,3,18,22,28,32,,,1,,1,,,,,,,,,,,1,2,1,
R_6utTAhqGg0EZm4t,Default Response Set,Anonymous,,,0,8/16/2012 16:16,8/16/2012 16:20,1,1217,1,1,2,3,3,2,3,2,3,2,2,3,3,2,3,3,3,2,30,25,22,23,,,1,,1,,1,3,1,,,,,,,,,,
R_a2AobP6Oj3KHR1b,Default Response Set,Anonymous,,,0,8/16/2012 16:17,8/16/2012 16:20,1,1217,1,4,1,3,3,2,3,4,3,2,2,2,3,2,2,3,2,2,50,30,15,5,,,1,,1,,1,2,2,,,,,,,,,,
R_02pq9lUF3c1eCBn,Default Response Set,Anonymous,,,0,8/16/2012 16:16,8/16/2012 16:21,1,1217,1,4,1,4,3,1,4,4,3,3,3,4,3,1,2,4,2,1,40,25,20,15,,,1,,1,,1,1,7,,,,,,,,,,
R_3CUgZkHlUXDWnc1,Default Response Set,Anonymous,,,0,8/16/2012 16:18,8/16/2012 16:21,1,1217,1,2,1,3,4,3,4,4,4,3,3,4,3,3,3,4,4,3,20,30,10,40,,,1,,1,,1,2,7,,,,,,,,,,none
R_3xQBffXYsFmxZ7D,Default Response Set,Anonymous,,,0,8/16/2012 16:17,8/16/2012 16:21,1,1217,1,4,2,3,3,2,3,4,3,3,2,3,3,2,3,4,3,2,10,20,30,40,,,1,,1,,1,2,1,,,,,,,,,,
R_aawnd7B8mPCIij3,Default Response Set,Anonymous,,,0,8/16/2012 16:17,8/16/2012 16:21,1,1217,1,4,2,3,3,2,4,4,4,3,2,4,3,2,3,3,3,3,20,25,25,30,,,1,,1,,1,2,1,,,,,,,,,,
R_3DEhYR16F4K9IFf,Default Response Set,Anonymous,,,0,8/16/2012 16:19,8/16/2012 16:22,1,1217,1,4,1,4,3,2,4,3,4,3,3,4,3,3,3,4,4,3,25,25,25,25,,,1,,1,,,,,,,,1,2,1,,,,
R_8dgLcwser4Aa4br,Default Response Set,Anonymous,,,0,8/16/2012 16:18,8/16/2012 16:22,1,1217,1,4,3,3,3,4,2,3,2,2,3,1,2,3,2,3,3,3,5,15,60,20,,,1,,1,,,,,,,,1,3,2,,,,
R_emJklWmaIAM5LsF,Default Response Set,Anonymous,,,0,8/16/2012 16:19,8/16/2012 16:23,1,1217,1,4,1,3,4,2,4,4,3,3,2,4,3,2,2,4,3,2,10,15,20,55,,,1,,1,,,,,1,2,2,,,,,,,"I'm not a fan of Obama, but I dislike Romney even more, especially with the inclusion of Paul."
R_0xmJA5AU4OH2zJP,Default Response Set,Anonymous,,,0,8/16/2012 16:20,8/16/2012 16:24,1,1217,1,3,1,3,3,2,3,4,4,3,2,3,3,2,3,4,3,2,10,20,30,40,,,1,,1,,,,,1,1,6,,,,,,,
R_bvdLykYboU3q6kR,Default Response Set,Anonymous,,,0,8/16/2012 16:22,8/16/2012 16:25,1,1217,1,3,1,3,3,2,3,3,3,2,3,3,3,2,3,3,3,2,15,20,40,25,,,1,,1,,,,,1,3,4,,,,,,,
R_eD1C57EPZEcfTO5,Default Response Set,Anonymous,,,0,8/16/2012 16:24,8/16/2012 16:26,1,1217,1,2,1,3,4,2,4,4,4,3,3,4,3,2,3,4,3,3,20,25,25,30,,,1,,1,,,,,,,,1,1,2,,,,
R_8zU01T8KIHhiKxL,Default Response Set,Anonymous,,,0,8/16/2012 16:19,8/16/2012 16:27,1,1217,1,1,3,3,4,2,4,2,3,3,1,4,4,2,4,4,4,1,15,25,27,33,,,1,,1,,,,,,,,,,,1,1,7,it was fun
R_3l53YIXzltb1TTf,Default Response Set,Anonymous,,,0,8/16/2012 16:24,8/16/2012 16:27,1,1217,1,2,3,2,4,2,3,3,3,3,2,3,4,3,2,2,3,1,10,20,40,30,,,1,,1,,,,,,,,1,2,3,,,,
R_734lEFJnsDg9zcV,Default Response Set,Anonymous,,,0,8/16/2012 16:25,8/16/2012 16:28,1,1217,1,1,2,2,3,2,3,3,3,3,2,4,3,2,3,3,2,2,25,25,25,25,,,1,,1,,1,3,1,,,,,,,,,,
R_2fUazJApBs08AXH,Default Response Set,Anonymous,,,0,8/16/2012 16:25,8/16/2012 16:29,1,1217,1,2,3,3,4,3,4,3,3,2,2,4,3,3,4,3,4,2,20,40,20,20,,,,1,,,1,1,5,,,,,,,,,,"At the beginning,  I didn't know the meaning, so I hope maybe you can have more tips for this survey."
R_9TF9sXTBAz9HpKB,Default Response Set,Anonymous,,,0,8/16/2012 16:27,8/16/2012 16:30,1,1217,1,1,3,1,2,1,3,3,4,2,1,4,2,2,3,2,3,1,20,20,40,20,,,1,,1,,,,,1,3,5,,,,,,,
R_brxs4pl4BxnRRlP,Default Response Set,Anonymous,,,0,8/16/2012 16:28,8/16/2012 16:31,1,1217,1,1,2,3,4,2,4,4,4,3,3,4,2,3,3,4,4,2,15,25,40,20,,,1,,1,,,,,,,,,,,1,3,3,
R_43oCmsDmhM2V49L,Default Response Set,Anonymous,,,0,8/16/2012 16:27,8/16/2012 16:31,1,1217,1,3,1,3,3,2,3,3,3,2,3,4,3,2,3,3,3,1,12,25,13,50,,1,,,,,,,,1,1,6,,,,,,,
R_81cmEXhSHJ1T7il,Default Response Set,Anonymous,,,0,8/16/2012 16:29,8/16/2012 16:32,1,1217,1,2,2,3,3,3,4,4,4,3,1,4,3,3,3,3,3,2,10,20,50,20,,,1,,1,,,,,,,,1,2,1,,,,
R_b9kozWFTJmOwvyJ,Default Response Set,Anonymous,,,0,8/16/2012 16:32,8/16/2012 16:34,1,1217,1,4,1,3,3,2,3,3,3,3,3,3,3,2,2,3,2,2,25,25,25,25,,,1,,1,,,,,,,,,,,1,3,1,
R_3TPufvnWoMmufXf,Default Response Set,Anonymous,,,0,8/16/2012 16:31,8/16/2012 16:35,1,1217,1,3,1,3,3,2,4,4,4,3,2,4,3,3,4,3,4,2,10,15,20,55,,,1,,1,,,,,,,,,,,1,2,4,
R_5tZkw1AUNfapQVL,Default Response Set,Anonymous,,,0,8/16/2012 16:32,8/16/2012 16:35,1,1217,1,3,2,2,3,1,3,4,4,2,2,3,3,2,3,3,3,2,25,25,25,25,,,1,,1,,,,,,,,,,,1,3,3,
R_8uB7QHTaqrMqVs9,Default Response Set,Anonymous,,,0,8/16/2012 16:33,8/16/2012 16:36,1,1217,1,4,1,3,1,1,3,3,3,2,3,3,3,3,3,3,3,3,10,20,30,40,,,1,,1,,,,,1,3,6,,,,,,,
R_6FsYkqR4ePLZuux,Default Response Set,Anonymous,,,0,8/16/2012 16:37,8/16/2012 16:39,1,1217,1,2,1,3,3,2,4,3,4,3,2,4,3,2,3,4,3,2,15,15,20,50,,,1,,1,,,,,,,,1,3,1,,,,
R_bvj6YhjKMGvLylL,Default Response Set,Anonymous,,,0,8/16/2012 16:35,8/16/2012 16:39,1,1217,1,4,1,3,2,1,3,4,4,3,1,3,3,1,2,3,2,1,30,10,20,40,,,1,,1,,,,,1,2,1,,,,,,,
R_0kM61K1SU8y9gEZ,Default Response Set,Anonymous,,,0,8/16/2012 16:37,8/16/2012 16:40,1,1217,1,4,1,2,3,1,3,3,3,3,2,3,3,1,2,3,2,1,25,25,25,25,,,1,,1,,,,,1,3,1,,,,,,,
R_6libWVip3vatGy9,Default Response Set,Anonymous,,,0,8/16/2012 16:36,8/16/2012 16:40,1,1217,1,3,3,2,2,2,3,3,3,1,1,4,3,3,3,3,3,1,25,25,25,25,,,1,,1,,,,,,,,,,,1,2,1,
R_1NOv0M04Pgfe8rr,Default Response Set,Anonymous,,,0,8/16/2012 16:39,8/16/2012 16:42,1,1217,1,4,1,3,3,2,4,4,4,3,3,4,3,3,3,4,3,3,10,20,30,40,,,1,,1,,1,2,1,,,,,,,,,,
R_8DfTolgxSRvaIT3,Default Response Set,Anonymous,,,0,8/16/2012 16:40,8/16/2012 16:44,1,1217,1,4,1,2,3,2,3,3,3,3,2,3,3,2,2,3,3,2,10,20,30,40,,,1,,1,,1,2,1,,,,,,,,,,
R_3ZWmkbfiHWQztwF,Default Response Set,Anonymous,,,0,8/16/2012 16:43,8/16/2012 16:47,1,1217,1,4,1,3,4,3,4,4,4,3,3,4,4,2,3,4,3,2,10,40,40,10,,,1,,1,,,,,,,,,,,1,3,1,
R_2oeKIreeFxW0EHX,Default Response Set,Anonymous,,,0,8/16/2012 16:45,8/16/2012 16:47,1,1217,1,3,3,3,2,2,3,3,3,3,2,3,3,3,3,3,2,2,25,25,25,25,,,1,,1,,1,3,4,,,,,,,,,,
R_6fZpX993rwDTOCh,Default Response Set,Anonymous,,,0,8/16/2012 16:46,8/16/2012 16:48,1,1217,1,1,2,2,2,2,4,2,4,2,2,4,3,2,3,3,3,2,10,20,30,40,,,1,,1,,1,1,2,,,,,,,,,,
R_cViWKIucKWvAHdz,Default Response Set,Anonymous,,,0,8/16/2012 16:44,8/16/2012 16:48,1,1217,1,1,3,4,1,3,4,2,3,1,1,4,2,2,3,3,3,1,30,15,15,40,,,1,,1,,,,,1,1,1,,,,,,,
R_6FLnzJdaWaYwfs1,Default Response Set,Anonymous,,,0,8/16/2012 16:46,8/16/2012 16:49,1,1217,1,4,1,3,3,2,3,4,3,3,2,3,3,2,2,3,3,2,10,10,35,45,,,1,,1,,,,,,,,,,,1,2,3,Thank you.
R_3dFviT7wx2MOSrP,Default Response Set,Anonymous,,,0,8/16/2012 16:50,8/16/2012 16:55,1,1217,1,4,1,3,2,2,4,4,3,2,2,4,3,4,3,3,3,2,40,35,15,10,,,1,,1,,,,,1,3,1,,,,,,,
R_dnvL4F6joidetVz,Default Response Set,Anonymous,,,0,8/16/2012 16:55,8/16/2012 16:58,1,1217,1,1,1,2,2,1,4,3,4,2,2,3,3,2,3,3,3,1,25,50,12.5,12.5,,,1,,1,,,,,,,,1,2,1,,,,
R_3UyqF5ewLSXPE5n,Default Response Set,Anonymous,,,0,8/16/2012 16:58,8/16/2012 17:03,1,1217,1,4,2,4,1,1,3,3,3,1,4,2,3,2,3,4,3,4,25,25,25,25,,,1,,1,,1,3,4,,,,,,,,,,
R_036a12a7t6Ruq9f,Default Response Set,Anonymous,,,0,8/16/2012 17:01,8/16/2012 17:03,1,1217,1,1,2,1,2,2,3,3,4,3,3,4,3,2,3,3,3,2,10,20,30,40,,,1,,1,,,,,1,3,2,,,,,,,
R_6SbaFitU2ng9YrP,Default Response Set,Anonymous,,,0,8/16/2012 17:02,8/16/2012 17:04,1,1217,1,4,1,3,3,2,4,4,4,3,3,4,3,3,3,4,4,3,10,20,30,40,,,1,,1,,1,2,1,,,,,,,,,,
R_dcYDuXdtYE1WLDn,Default Response Set,Anonymous,,,0,8/16/2012 17:03,8/16/2012 17:06,1,1217,1,1,1,2,3,2,3,3,4,3,1,4,3,2,3,3,3,2,10,25,30,35,,,1,,1,,,,,1,2,7,,,,,,,Romney-Ryan is going to ruin this country if elected.
R_br3UoaumzYtjsJT,Default Response Set,Anonymous,,,0,8/16/2012 17:08,8/16/2012 17:12,1,1217,1,1,2,3,4,2,4,2,4,3,1,4,4,4,4,3,3,1,30,20,30,20,,,1,,1,,,,,,,,1,3,2,,,,
R_3EjoXCMrn3gvnw1,Default Response Set,Anonymous,,,0,8/16/2012 17:09,8/16/2012 17:12,1,1217,1,4,1,4,1,2,3,3,3,1,4,2,3,3,3,4,3,4,30,40,20,10,,,1,,1,,,,,,,,1,3,4,,,,
R_6eZQLC2YXSgoeeF,Default Response Set,Anonymous,,,0,8/16/2012 17:10,8/16/2012 17:13,1,1217,1,4,1,2,3,2,4,4,3,3,2,3,3,2,2,3,3,2,30,25,25,20,,,1,,1,,,,,,,,1,2,1,,,,none
R_1HeAA5hXu5JpMwt,Default Response Set,Anonymous,,,0,8/16/2012 17:10,8/16/2012 17:14,1,1217,1,1,3,2,2,1,4,2,1,2,1,4,3,3,3,3,3,1,25,25,40,10,,,1,,1,,1,3,1,,,,,,,,,,
R_5mwQ3MXf4mkwLGt,Default Response Set,Anonymous,,,0,8/16/2012 17:11,8/16/2012 17:15,1,1217,1,4,1,3,3,2,4,3,3,2,3,3,3,2,2,3,3,2,5,10,25,60,,,1,,1,,1,2,7,,,,,,,,,,
R_d6WmW5rocNzLdKl,Default Response Set,Anonymous,,,0,8/16/2012 17:17,8/16/2012 17:20,1,1217,1,2,1,2,3,1,3,3,3,2,2,4,3,2,2,3,2,2,25,25,25,25,,,1,,1,,,,,,,,,,,1,2,1,
R_1Mq3ZrID8ZnJc7X,Default Response Set,Anonymous,,,0,8/16/2012 17:20,8/16/2012 17:22,1,1217,1,4,1,3,3,2,4,4,3,2,3,3,3,2,3,4,3,2,25,25,25,25,,,1,,1,,,,,1,2,1,,,,,,,
R_3pAFTaG3Wo2CUhn,Default Response Set,Anonymous,,,0,8/16/2012 17:21,8/16/2012 17:22,1,1217,1,1,2,2,3,2,3,2,3,3,2,3,2,2,3,3,3,2,20,25,25,30,,,1,,1,,,,,1,2,1,,,,,,,
R_cvhm2eAaySQx2Fn,Default Response Set,Anonymous,,,0,8/16/2012 17:23,8/16/2012 17:27,1,1217,1,2,2,2,3,1,4,3,4,3,1,4,4,3,3,4,3,1,15,15,25,45,,,1,,1,,,,,,,,1,2,3,,,,
R_3OWdulqEApEZky1,Default Response Set,Anonymous,,,0,8/16/2012 17:28,8/16/2012 17:30,1,1217,1,4,1,2,2,2,3,2,3,3,2,3,3,2,2,3,3,2,15,20,30,35,,,1,,1,,,,,1,3,3,,,,,,,
R_0VbYbUhdOHtgMXb,Default Response Set,Anonymous,,,0,8/16/2012 17:29,8/16/2012 17:31,1,1217,1,1,1,2,3,2,2,2,4,1,2,4,2,3,2,3,3,2,25,25,25,25,,,1,,1,,,,,,,,1,1,7,,,,
R_b3ijXBLm1rrl5xb,Default Response Set,Anonymous,,,0,8/16/2012 17:27,8/16/2012 17:32,1,1217,1,4,1,2,3,1,3,2,3,2,2,3,3,1,2,3,2,1,20,18,28,34,,,1,,1,,1,3,1,,,,,,,,,,thanks
R_ewEpKwgm68omcmN,Default Response Set,Anonymous,,,0,8/16/2012 17:30,8/16/2012 17:34,1,1217,1,1,2,1,2,1,3,2,3,1,1,3,2,2,2,2,2,1,10,17,39,34,,,1,,1,,,,,1,1,7,,,,,,,
R_3sgSIL5QV3Fkgkt,Default Response Set,Anonymous,,,0,8/16/2012 17:31,8/16/2012 17:36,1,1217,1,2,2,2,2,2,3,3,4,2,2,4,3,2,3,3,3,1,23,36,26,15,,,1,,1,,,,,,,,1,2,1,,,,
R_dg7W0Au3kPZJUzz,Default Response Set,Anonymous,,,0,8/16/2012 17:31,8/16/2012 17:36,1,1217,1,4,2,4,4,3,4,4,4,3,3,4,3,3,4,4,4,3,50,20,20,10,,,1,,1,,1,3,1,,,,,,,,,,
R_db7IGka22odSXPv,Default Response Set,Anonymous,,,0,8/16/2012 17:36,8/16/2012 17:40,1,1217,1,4,1,4,3,2,4,3,3,4,3,3,3,3,3,3,3,2,35,20,25,20,,,1,,1,,1,2,1,,,,,,,,,,
R_0fAEQwzqDXJPLE1,Default Response Set,Anonymous,,,0,8/16/2012 17:36,8/16/2012 17:41,1,1217,1,4,1,3,3,2,4,4,4,4,2,4,3,2,2,3,2,3,25,25,25,25,,,1,,1,,,,,,,,1,3,4,,,,
R_2n8IzARzzgm68yV,Default Response Set,Anonymous,,,0,8/16/2012 17:37,8/16/2012 17:41,1,1217,1,4,1,2,4,1,3,4,3,2,1,3,3,1,2,3,2,1,15,25,40,20,,,1,,1,,,,,1,1,1,,,,,,,hard to know if income increases were good or not without knowing inflation rate at same time. in a sense those numbers were in a vacuum and can not be truly evaluated
R_6ys8d7iB2DZONk9,Default Response Set,Anonymous,,,0,8/16/2012 17:38,8/16/2012 17:42,1,1217,1,4,1,2,2,2,4,3,3,2,2,4,3,2,3,3,3,2,1,19,40,40,,,1,,1,,,,,,,,1,2,3,,,,
R_cuXpTmfos3GcawZ,Default Response Set,Anonymous,,,0,8/16/2012 17:41,8/16/2012 17:45,1,1217,1,4,1,3,3,2,3,3,3,3,3,3,2,1,2,2,2,2,20,30,20,30,,,1,,1,,1,2,1,,,,,,,,,,
R_cVlG5FKjr1m2vxr,Default Response Set,Anonymous,,,0,8/16/2012 17:42,8/16/2012 17:46,1,1217,1,4,2,3,4,3,4,4,4,3,4,4,4,3,3,4,4,3,25,25,25,25,,,1,,1,,,,,,,,1,3,6,,,,
R_afy3G3P8JE2txRP,Default Response Set,Anonymous,,,0,8/16/2012 17:41,8/16/2012 17:46,1,1217,1,2,1,2,3,2,4,4,3,3,3,3,3,2,3,4,3,2,17,24,27,32,,,1,,1,,,,,,,,1,2,2,,,,
R_5sttbmP1EgggHCB,Default Response Set,Anonymous,,,0,8/16/2012 17:48,8/16/2012 17:51,1,1217,1,1,2,2,3,3,4,4,3,3,2,4,3,3,4,3,3,1,25,25,25,25,,,1,,1,,1,3,1,,,,,,,,,,
R_ekPOroRenLlKjRz,Default Response Set,Anonymous,,,0,8/16/2012 17:50,8/16/2012 17:52,1,1217,1,1,3,2,4,2,3,2,4,3,1,4,3,3,3,4,3,1,15,20,25,40,,,1,,1,,,,,,,,1,3,1,,,,
R_elMNq2RlwAx784l,Default Response Set,Anonymous,,,0,8/16/2012 17:50,8/16/2012 17:53,1,1217,1,1,3,2,2,2,3,2,4,2,2,4,3,3,3,3,3,2,30,20,30,20,,,1,,,,,,,1,2,1,,,,,,,
R_d0SxIQIo2pqsKBT,Default Response Set,Anonymous,,,0,8/16/2012 17:50,8/16/2012 17:54,1,1217,1,3,2,3,3,3,4,4,4,3,3,3,3,2,3,3,4,2,20,20,25,35,,,1,,1,,,,,,,,1,2,4,,,,none
R_8q3z3DZ1iRoqleZ,Default Response Set,Anonymous,,,0,8/16/2012 17:50,8/16/2012 17:55,1,1217,1,4,1,4,4,3,4,4,4,3,3,4,4,3,3,4,3,3,15,20,30,35,,,1,,1,,,,,,,,1,3,1,,,,
R_0kf6BwyepQF7xid,Default Response Set,Anonymous,,,0,8/16/2012 17:53,8/16/2012 17:56,1,1217,1,1,1,3,2,3,4,4,4,2,2,4,4,3,3,3,3,3,15,20,30,35,,,1,,1,,,,,1,3,4,,,,,,,
R_5uRjfBOVUFlMCdn,Default Response Set,Anonymous,,,0,8/16/2012 18:07,8/16/2012 18:11,1,1217,1,1,1,1,3,1,3,2,4,1,1,4,3,2,3,3,3,2,15,20,20,45,,,1,,,,,,,,,,,,,1,3,1,
R_1TSQvsw64M4Oh8x,Default Response Set,Anonymous,,,0,8/16/2012 18:08,8/16/2012 18:12,1,1217,1,4,2,3,3,2,3,3,3,3,3,3,3,2,3,3,3,2,10,20,20,50,,,1,,1,,1,3,1,,,,,,,,,,
R_bEejR2D8l4VY8Pr,Default Response Set,Anonymous,,,0,8/16/2012 18:18,8/16/2012 18:20,1,1217,1,3,2,3,3,2,3,4,4,2,3,3,3,2,3,4,3,2,15,20,25,40,,,1,,1,,1,2,1,,,,,,,,,,
R_0kqCTBzUJINBOLP,Default Response Set,Anonymous,,,0,8/16/2012 18:20,8/16/2012 18:24,1,1217,1,2,2,2,3,2,4,3,3,3,2,4,3,3,3,3,3,1,15,25,30,30,,,1,,1,,,,,,,,,,,1,2,1,
R_5bCk2UxTQEkuZWR,Default Response Set,Anonymous,,,0,8/16/2012 18:15,8/16/2012 18:24,1,1217,1,1,2,1,2,2,4,2,3,2,2,4,3,2,2,3,4,1,10,25,30,35,,,1,,1,,1,1,2,,,,,,,,,,..enjoying getting an insight how the economy differs in their numbers
R_5sxQiIoGgBIZOkJ,Default Response Set,Anonymous,,,0,8/16/2012 18:20,8/16/2012 18:25,1,1217,1,1,1,2,2,2,4,2,3,3,2,4,4,3,3,3,3,2,10,30,40,20,,,1,,1,,,,,,,,1,3,1,,,,I like the predominantly visual aspect of this survey.
R_3k28VqVPSt4Zkcl,Default Response Set,Anonymous,,,0,8/16/2012 18:21,8/16/2012 18:27,1,1217,1,4,2,3,4,3,4,4,4,3,3,4,3,3,3,4,4,3,15,20,25,40,,,1,,1,,,,,,,,1,2,1,,,,
R_bwKVEaCIgaHfiUR,Default Response Set,Anonymous,,,0,8/16/2012 18:25,8/16/2012 18:30,1,1217,1,3,1,3,3,2,3,3,2,3,2,2,2,2,2,3,2,2,25,25,25,25,,,1,,1,,,,,1,2,1,,,,,,,
R_0HSgqXeNiDYyufr,Default Response Set,Anonymous,,,0,8/16/2012 18:27,8/16/2012 18:32,1,1217,1,3,1,2,2,1,2,3,2,1,2,3,2,1,1,2,2,2,10,20,30,40,,,1,,1,,1,3,3,,,,,,,,,,None
R_bvj7DqvnmGcvF7D,Default Response Set,Anonymous,,,0,8/16/2012 18:31,8/16/2012 18:33,1,1217,1,4,2,4,3,2,3,4,3,3,3,3,3,3,3,3,3,3,20,20,30,30,,,1,,1,,1,3,1,,,,,,,,,,
R_0iUA3ixUW8uwq0Z,Default Response Set,Anonymous,,,0,8/16/2012 18:31,8/16/2012 18:36,1,1217,1,2,3,3,3,3,4,2,3,2,1,4,3,2,2,3,3,2,30,20,20,30,,,1,,1,,,,,,,,1,2,4,,,,
R_cN0V6WUaPl9EkCh,Default Response Set,Anonymous,,,0,8/16/2012 18:34,8/16/2012 18:40,1,1217,1,4,4,3,2,4,1,2,1,3,4,1,2,3,4,2,4,3,15,30,50,5,,,1,,1,,,,,,,,1,2,1,,,,Great survey. I'm guessing people see income increase and don't recognize it as inflation. Y'all are clever. 
R_1Y5jlbXLZXpYqax,Default Response Set,Anonymous,,,0,8/16/2012 18:44,8/16/2012 18:48,1,1217,1,4,1,3,3,2,4,3,4,2,4,4,3,2,3,4,3,2,25,10,10,55,,,1,,1,,,,,,,,1,2,1,,,,
R_cIQZLIKu9JDQRnL,Default Response Set,Anonymous,,,0,8/16/2012 18:43,8/16/2012 18:48,1,1217,1,2,3,3,4,2,4,2,4,3,2,4,4,3,3,3,3,2,20,25,30,25,,,1,,1,,,,,,,,1,1,4,,,,
R_5tdtmzAOkYjOf2J,Default Response Set,Anonymous,,,0,8/16/2012 18:46,8/16/2012 18:48,1,1217,1,4,1,4,4,3,4,4,4,3,3,4,4,3,3,4,4,2,15,20,30,35,,,,,,1,,,,1,2,1,,,,,,,
R_eVsMAKBBJiJOU9T,Default Response Set,Anonymous,,,0,8/16/2012 18:42,8/16/2012 18:50,1,1217,1,3,1,3,3,2,4,4,4,3,3,4,4,2,3,3,3,2,25,25,25,25,,,1,,1,,,,,,,,,,,1,2,1,no
R_3IWFhwq4YV7PVGZ,Default Response Set,Anonymous,,,0,8/16/2012 18:55,8/16/2012 18:59,1,1217,1,1,1,3,3,2,4,2,4,3,1,4,3,2,4,4,3,2,40,20,20,20,,,1,,1,,1,1,1,,,,,,,,,,
R_eyYKcxLeszFlK7j,Default Response Set,Anonymous,,,0,8/16/2012 18:56,8/16/2012 19:02,1,1217,1,4,2,3,4,1,4,4,3,4,4,2,4,3,3,4,4,4,15,10,25,50,,,1,,1,,,,,,,,1,1,3,,,,
R_06vmkYZZC2E60oB,Default Response Set,Anonymous,,,0,8/16/2012 19:01,8/16/2012 19:03,1,1217,1,3,1,3,3,1,3,3,3,3,2,4,2,2,2,2,3,2,10,25,30,35,,,1,,1,,,,,,,,,,,1,3,1,
R_9YPrAVOPYR5ur1r,Default Response Set,Anonymous,,,0,8/16/2012 19:02,8/16/2012 19:06,1,1217,1,4,1,3,3,2,4,4,4,3,3,3,3,2,3,4,3,3,10,10,30,50,,,1,,1,,1,3,1,,,,,,,,,,Interesting survey -- thanks!
R_bf8PazLXsd5Hyrr,Default Response Set,Anonymous,,,0,8/16/2012 19:04,8/16/2012 19:09,1,1217,1,1,2,3,3,2,4,2,4,3,3,4,4,3,4,3,3,2,5,15,40,40,,,1,,1,,1,3,1,,,,,,,,,,Thank you
R_8e4geWI0FCl4bFX,Default Response Set,Anonymous,,,0,8/16/2012 19:06,8/16/2012 19:10,1,1217,1,4,1,4,4,3,4,4,3,3,3,4,4,3,4,4,4,3,15,25,25,35,,,1,,1,,,,,1,2,7,,,,,,,
R_1Y8mkN35LF7hEm9,Default Response Set,Anonymous,,,0,8/16/2012 19:07,8/16/2012 19:11,1,1217,1,1,2,1,2,2,3,2,3,2,2,4,2,3,2,3,3,2,55,25,15,5,,,1,,,,1,3,1,,,,,,,,,,
R_6YflojsgSJGNjYV,Default Response Set,Anonymous,,,0,8/16/2012 19:10,8/16/2012 19:15,1,1217,1,1,3,2,3,1,3,2,2,3,2,3,3,1,1,3,1,1,25,20,25,30,,,1,,1,,1,2,1,,,,,,,,,,No comment.
R_4UQbcxBdKJZ0F0N,Default Response Set,Anonymous,,,0,8/16/2012 19:12,8/16/2012 19:16,1,1217,1,2,3,3,3,3,3,3,3,3,3,3,3,3,3,3,3,3,25,25,25,25,,,1,,1,,,,,1,3,4,,,,,,,
R_0SUVylBhVTk7BHv,Default Response Set,Anonymous,,,0,8/16/2012 19:18,8/16/2012 19:22,1,1217,1,4,3,3,3,3,4,4,4,3,2,4,3,3,4,4,3,3,10,20,30,40,,,1,,1,,1,3,1,,,,,,,,,,
R_b7LQe00scvJHqND,Default Response Set,Anonymous,,,0,8/16/2012 19:21,8/16/2012 19:23,1,1217,1,1,3,1,2,2,4,2,3,2,1,4,3,3,3,3,3,2,30,60,5,5,,,1,,1,,,,,1,3,1,,,,,,,
R_5gLEhAHsIDlTvAp,Default Response Set,Anonymous,,,0,8/16/2012 19:21,8/16/2012 19:25,1,1217,1,4,1,3,2,1,4,4,4,3,3,3,3,2,3,4,3,2,40,20,25,15,,,1,,1,,,,,,,,,,,1,2,1,
R_0BdeP89cyj495IN,Default Response Set,Anonymous,,,0,8/16/2012 19:21,8/16/2012 19:26,1,1217,1,1,3,3,3,3,4,2,4,2,1,4,3,3,4,3,4,2,-20,40,30,50,,,1,,1,,,,,,,,,,,1,3,1,
R_5zKiM38RmB3zr0x,Default Response Set,Anonymous,,,0,8/16/2012 19:22,8/16/2012 19:27,1,1217,1,2,3,2,3,2,4,2,4,3,1,4,3,3,3,3,3,2,35,15,5,45,,1,,,,,,,,1,1,1,,,,,,,
R_9NcmoDdEtxonD25,Default Response Set,Anonymous,,,0,8/16/2012 19:27,8/16/2012 19:31,1,1217,1,4,2,3,3,2,4,4,3,2,3,3,3,2,3,3,3,2,25,25,25,25,,,1,,1,,,,,,,,,,,1,3,1,
R_e9BOR9N62MDsWcB,Default Response Set,Anonymous,,,0,8/16/2012 19:29,8/16/2012 19:32,1,1217,1,3,2,3,3,2,4,4,4,3,2,3,3,3,2,4,3,2,15,25,30,30,,,1,,1,,,,,1,3,6,,,,,,,"I didn't pick Romney in the primary, but I'll vote for anyone against Obama. We can't handle a socialist economy or another four years of this lousy economy because he blows through our money like its nothing. "
R_5my7Qyu5hW5ncQB,Default Response Set,Anonymous,,,0,8/16/2012 19:31,8/16/2012 19:34,1,1217,1,3,2,2,3,2,3,3,3,2,2,3,2,2,3,3,3,2,50,30,15,5,,,1,,1,,1,2,1,,,,,,,,,,
R_74MaJsGacznpsX3,Default Response Set,Anonymous,,,0,8/16/2012 19:33,8/16/2012 19:40,1,1217,1,4,1,3,2,1,4,3,3,3,2,4,2,2,2,3,3,1,15,30,40,15,,,1,,1,,,,,,,,,,,1,3,5,I really enjoyed this survey. Thanks so much!
R_9GHpfD90Hq35rtb,Default Response Set,Anonymous,,,0,8/16/2012 19:39,8/16/2012 19:42,1,1217,1,4,1,3,3,1,3,4,2,2,2,4,3,1,3,3,2,2,35,25,15,25,,,1,,1,,,,,,,,,,,1,1,5,
R_81iy7imq8w6aMhn,Default Response Set,Anonymous,,,0,8/16/2012 19:57,8/16/2012 20:01,1,1217,1,4,2,3,4,2,3,4,3,3,3,3,3,2,3,3,3,3,20,25,30,25,,,1,,1,,,,,1,3,1,,,,,,,
R_br5JyYz9bmnZ2sJ,Default Response Set,Anonymous,,,0,8/16/2012 20:01,8/16/2012 20:04,1,1217,1,4,2,3,4,3,4,4,4,4,2,4,4,3,3,4,3,3,10,15,25,50,,,1,,1,,,,,1,2,1,,,,,,,
R_bgrzbOfGGcFbpPf,Default Response Set,Anonymous,,,0,8/16/2012 20:06,8/16/2012 20:09,1,1217,1,1,3,2,3,2,4,2,4,2,1,4,3,3,3,3,3,2,35,15,15,35,,1,,,,,1,1,1,,,,,,,,,,
R_07cxqtBq9kEJLH7,Default Response Set,Anonymous,,,0,8/16/2012 20:07,8/16/2012 20:11,1,1217,1,4,2,3,3,2,4,4,4,3,2,4,3,2,4,4,4,2,20,30,20,30,,,1,,1,,,,,1,2,4,,,,,,,
R_0dLQ2XI2yDqxN8p,Default Response Set,Anonymous,,,0,8/16/2012 20:07,8/16/2012 20:12,1,1217,1,1,3,2,3,3,4,2,3,3,1,4,3,3,3,3,4,2,15,20,30,35,,,1,,1,,,,,,,,,,,1,3,2,
R_eD0ejmPfDIjRphX,Default Response Set,Anonymous,,,0,8/16/2012 20:13,8/16/2012 20:17,1,1217,1,1,1,3,3,2,3,4,3,2,2,3,3,3,3,4,3,2,30,30,20,20,,,1,,1,,,,,,,,,,,1,3,1,
R_e8lEdbSJmEhpbLL,Default Response Set,Anonymous,,,0,8/16/2012 20:06,8/16/2012 20:17,1,1217,1,3,2,2,3,2,3,3,3,3,2,3,3,2,3,3,3,2,20,30,10,40,,,1,,1,,,,,,,,1,3,5,,,,
R_8nLXcmh0MGKluaF,Default Response Set,Anonymous,,,0,8/16/2012 20:15,8/16/2012 20:21,1,1217,1,4,1,4,4,2,3,4,3,3,3,4,3,2,3,4,3,2,10,20,30,40,,,1,,1,,,,,,,,1,2,1,,,,
R_b75GUgAIxwLJeRL,Default Response Set,Anonymous,,,0,8/16/2012 20:18,8/16/2012 20:21,1,1217,1,4,2,3,3,2,3,4,3,3,3,3,3,2,3,3,3,3,10,20,30,40,,,1,,1,,,,,1,3,1,,,,,,,
R_5hgYxWr1wE7YMC1,Default Response Set,Anonymous,,,0,8/16/2012 20:23,8/16/2012 20:29,1,1217,1,3,1,2,3,2,4,4,4,2,2,4,3,2,2,3,3,1,15,30,35,20,,,1,,1,,,,,,,,1,2,1,,,,
R_5nXf8GMlsFTh0jz,Default Response Set,Anonymous,,,0,8/16/2012 20:25,8/16/2012 20:31,1,1217,1,4,3,3,4,4,3,3,4,3,2,3,2,2,2,3,3,2,20,30,20,30,,,,,,1,,,,,,,1,1,4,,,,no
R_3EiDCJoNR2Ay7tP,Default Response Set,Anonymous,,,0,8/16/2012 20:28,8/16/2012 20:32,1,1217,1,3,2,3,3,2,4,4,4,4,2,4,4,2,3,4,3,2,15,15,30,40,,,1,,1,,,,,,,,,,,1,1,1,
R_2h45bVW0tK6hn1j,Default Response Set,Anonymous,,,0,8/16/2012 20:35,8/16/2012 20:40,1,1217,1,1,1,2,4,4,4,4,4,4,2,4,4,3,4,4,4,2,20,20,30,30,,,1,,1,,,,,,,,,,,1,3,1,
R_3EPVl70UQJShDlr,Default Response Set,Anonymous,,,0,8/16/2012 20:40,8/16/2012 20:47,1,1217,1,2,2,2,3,1,3,2,3,2,1,4,2,1,2,3,2,1,25,25,30,20,,,1,,1,,,,,1,3,4,,,,,,,
R_01JaJPZWEfZrEKF,Default Response Set,Anonymous,,,0,8/16/2012 20:42,8/16/2012 20:50,1,1217,1,4,2,3,3,2,4,3,3,3,2,4,3,2,3,3,3,2,25,30,30,15,,,1,,1,,1,1,7,,,,,,,,,,This was an interesting one! I feel like I should have taken notes to get a better idea of which years had the most growth.
R_9FZ6HQwtAb1iOQ5,Default Response Set,Anonymous,,,0,8/16/2012 20:45,8/16/2012 20:56,1,1217,1,3,1,3,4,1,4,4,4,2,3,4,3,2,3,4,3,2,30,10,30,30,,,1,,1,,,,,,,,1,2,7,,,,
R_eEXwiCCk7HJ6mI5,Default Response Set,Anonymous,,,0,8/16/2012 20:55,8/16/2012 21:00,1,1217,1,1,1,2,2,3,3,3,3,3,1,3,3,2,3,3,2,2,15,35,35,15,,,1,,1,,,,,1,3,1,,,,,,,
R_2rDIIYAHzPQilBH,Default Response Set,Anonymous,,,0,8/16/2012 20:57,8/16/2012 21:00,1,1217,1,3,1,3,1,1,3,3,3,1,3,2,3,2,3,3,3,2,20,30,15,35,,,1,,1,,,,,,,,,,,1,1,4,
R_6nzsU4wjCVfjS3X,Default Response Set,Anonymous,,,0,8/16/2012 20:59,8/16/2012 21:02,1,1217,1,1,4,3,4,2,3,3,3,2,2,4,3,2,3,2,3,2,10,15,25,50,,,1,,1,,,,,1,2,1,,,,,,,
R_0Hh1eQyMe5os7L7,Default Response Set,Anonymous,,,0,8/16/2012 20:58,8/16/2012 21:04,1,1217,1,1,3,3,3,2,3,3,4,3,2,4,3,2,3,3,3,3,20,35,40,5,,,1,,1,,,,,,,,,,,1,2,1,
R_6n8mqyeNi1UVilf,Default Response Set,Anonymous,,,0,8/16/2012 21:07,8/16/2012 21:10,1,1217,1,1,1,2,3,1,3,2,3,3,2,4,3,2,3,2,2,1,25,25,25,25,,,1,,1,,,,,1,3,1,,,,,,,
R_9FRPKuVcX8ICiLb,Default Response Set,Anonymous,,,0,8/16/2012 21:07,8/16/2012 21:11,1,1217,1,2,1,3,2,2,3,4,4,3,2,4,3,2,3,3,3,2,30,20,20,30,,,1,,1,,,,,,,,1,3,1,,,,
R_0BP7jQMMGc1s1IF,Default Response Set,Anonymous,,,0,8/16/2012 21:13,8/16/2012 21:19,1,1217,1,1,2,1,2,1,3,2,3,1,1,4,3,2,2,3,3,1,25,25,25,25,,,1,,1,,,,,1,1,7,,,,,,,
R_0B4UWBSywtzDYfr,Default Response Set,Anonymous,,,0,8/16/2012 21:15,8/16/2012 21:20,1,1217,1,2,2,1,3,2,4,3,3,2,1,2,4,3,3,3,2,3,15,30,20,35,,,1,,1,,,,,,,,1,2,1,,,,
R_5tNSosAO3omvVNr,Default Response Set,Anonymous,,,0,8/16/2012 21:21,8/16/2012 21:25,1,1217,1,2,1,3,3,2,3,2,3,3,2,3,2,2,3,3,3,2,45,30,15,10,,,1,,1,,1,3,4,,,,,,,,,,
R_cT6QvPqxXBUzBTn,Default Response Set,Anonymous,,,0,8/16/2012 21:24,8/16/2012 21:27,1,1217,1,4,2,3,3,3,4,3,4,3,3,4,3,3,3,3,3,3,0,0,40,60,,,1,,1,,,,,,,,1,3,1,,,,
R_57w8Xm727fT6ij3,Default Response Set,Anonymous,,,0,8/16/2012 21:25,8/16/2012 21:28,1,1217,1,4,1,3,3,2,4,4,4,3,3,3,3,2,3,3,3,2,20,20,30,30,,,1,,1,,,,,,,,,,,1,3,1,
R_4OAbA7Q32JlS0RL,Default Response Set,Anonymous,,,0,8/16/2012 21:24,8/16/2012 21:28,1,1217,1,4,2,2,3,2,3,3,3,2,2,3,3,2,2,3,3,2,25,25,25,25,,,1,,1,,,,,,,,,,,1,3,4,
R_a02m0EAUOFQ0Wix,Default Response Set,Anonymous,,,0,8/16/2012 21:25,8/16/2012 21:29,1,1217,1,1,1,2,3,2,4,3,4,3,1,3,4,3,4,3,3,1,10,20,30,40,,,1,,1,,1,2,1,,,,,,,,,,
R_a5lVnoSereqrpAx,Default Response Set,Anonymous,,,0,8/16/2012 21:29,8/16/2012 21:35,1,1217,1,3,1,2,3,2,4,2,4,3,2,3,3,2,3,3,2,2,5,15,30,50,,,1,,1,,,,,1,2,4,,,,,,,None
R_6E6YNVkKKqGwIPr,Default Response Set,Anonymous,,,0,8/16/2012 21:40,8/16/2012 21:44,1,1217,1,4,2,2,3,3,3,4,3,3,3,3,3,2,3,4,3,2,40,30,15,15,,,1,,1,,,,,,,,,,,1,3,1,
R_3vAyUzmo0ThsdDf,Default Response Set,Anonymous,,,0,8/16/2012 21:54,8/16/2012 21:58,1,1217,1,2,2,2,3,1,4,3,4,3,2,3,3,2,2,4,3,2,20,20,25,35,,,1,,1,,,,,,,,1,3,1,,,,
R_5jYuTGlv9VKXaSx,Default Response Set,Anonymous,,,0,8/16/2012 21:57,8/16/2012 22:01,1,1217,1,2,3,3,2,3,3,3,3,3,3,4,3,1,1,3,3,2,20,30,30,20,,,1,,1,,,,,,,,,,,1,2,1,
R_9meCe9P6AsxSzYh,Default Response Set,Anonymous,,,0,8/16/2012 22:06,8/16/2012 22:11,1,1217,1,4,1,3,3,1,3,3,4,3,2,4,3,2,2,4,3,1,25,25,25,25,,,1,,1,,,,,,,,,,,1,3,4,none
R_0VZnTJ8gdEtR1eR,Default Response Set,Anonymous,,,0,8/16/2012 22:12,8/16/2012 22:16,1,1217,1,1,3,2,3,1,3,3,4,3,1,4,3,2,4,3,3,1,30,20,10,40,,,1,,1,,,,,,,,1,3,1,,,,
R_8629anMLTGqxRvn,Default Response Set,Anonymous,,,0,8/16/2012 22:14,8/16/2012 22:17,1,1217,1,4,1,3,3,2,4,4,4,3,3,4,3,3,3,3,3,2,25,0,25,50,,,1,,1,,1,2,1,,,,,,,,,,
R_aXe3mfFWJUHcKYR,Default Response Set,Anonymous,,,0,8/16/2012 22:26,8/16/2012 22:29,1,1217,1,4,2,4,4,3,4,4,4,4,1,4,4,3,4,4,4,2,25,25,25,25,,,1,,1,,,,,,,,,,,1,1,1,
R_2gxRPraXeXq3u9T,Default Response Set,Anonymous,,,0,8/16/2012 22:25,8/16/2012 22:34,1,1217,1,1,3,1,4,1,4,3,4,1,1,4,3,3,3,3,1,1,30,25,30,15,,,1,,1,,,,,1,3,1,,,,,,,
R_brUu9Vp3p9uaz9r,Default Response Set,Anonymous,,,0,8/16/2012 22:30,8/16/2012 22:35,1,1217,1,1,1,3,3,1,3,4,3,3,1,3,3,2,2,4,2,1,10,30,35,25,,,1,,1,,,,,,,,1,2,1,,,,
R_7NzXUXsgd8v3OxD,Default Response Set,Anonymous,,,0,8/16/2012 22:35,8/16/2012 22:38,1,1217,1,1,1,1,2,1,4,1,4,1,1,3,3,2,3,3,3,1,40,20,20,20,,,1,,1,,1,2,4,,,,,,,,,,
R_6x0ePzxFuVN8Knb,Default Response Set,Anonymous,,,0,8/16/2012 22:47,8/16/2012 22:49,1,1217,1,2,3,2,1,3,2,2,3,2,2,2,2,3,3,2,2,2,15,25,33,27,,,,,,1,1,3,7,,,,,,,,,,Thank you.
R_0e9bMX0uqp4vYqx,Default Response Set,Anonymous,,,0,8/16/2012 22:48,8/16/2012 22:54,1,1217,1,3,1,3,2,2,4,2,4,1,2,4,3,2,3,3,3,1,10,20,30,40,,1,,,,,,,,1,2,1,,,,,,,
R_9LUvD1ZAb7bVSGV,Default Response Set,Anonymous,,,0,8/16/2012 22:53,8/16/2012 22:57,1,1217,1,1,1,4,3,3,4,3,4,2,2,4,3,3,4,3,3,1,25,25,25,25,,,1,,1,,,,,1,3,4,,,,,,,
R_cYIOM57104PjVHv,Default Response Set,Anonymous,,,0,8/16/2012 22:58,8/16/2012 23:02,1,1217,1,1,1,2,3,2,3,2,3,3,1,4,3,1,3,2,2,2,20,15,30,35,,,1,,1,,,,,,,,1,3,2,,,,
R_eM4W0kAwdLioynH,Default Response Set,Anonymous,,,0,8/16/2012 23:02,8/16/2012 23:07,1,1217,1,1,2,2,2,2,3,2,4,1,1,4,3,2,3,3,3,1,20,10,30,40,,,1,,1,,,,,1,3,7,,,,,,,
R_agu8KdQF7wVCblz,Default Response Set,Anonymous,,,0,8/16/2012 23:01,8/16/2012 23:09,1,1217,1,3,1,3,3,2,3,3,3,3,2,4,3,2,3,3,3,2,10,5,10,75,,,1,,1,,,,,,,,,,,1,3,1,"Sorry my answers didn't vary much, I'm not really sure what constitutes a good financial term and a bad one other than negative numbers are probably very bad."
R_5ikpI4x790SWOgd,Default Response Set,Anonymous,,,0,8/16/2012 23:06,8/16/2012 23:13,1,1217,1,4,2,3,3,3,4,4,4,3,3,4,3,3,3,4,3,3,30,10,40,20,,,1,,,,,,,1,3,4,,,,,,,
R_428J1XHkA1mEb3v,Default Response Set,Anonymous,,,0,8/16/2012 23:33,8/16/2012 23:37,1,1217,1,3,1,2,4,3,4,4,4,3,3,4,3,3,2,4,3,2,15,25,25,35,,,1,,1,,,,,,,,,,,1,3,2,None
R_8G1cNvvsE0NqciV,Default Response Set,Anonymous,,,0,8/16/2012 23:34,8/16/2012 23:37,1,1217,1,4,2,3,4,3,4,3,4,3,3,4,3,3,3,4,3,2,10,20,30,40,,,1,,1,,,,,1,3,2,,,,,,,
R_9WENzw9HnlH3VwF,Default Response Set,Anonymous,,,0,8/17/2012 0:08,8/17/2012 0:14,1,1217,1,4,1,3,4,1,4,4,4,4,2,4,4,2,3,4,3,2,10,30,45,15,,,1,,1,,1,3,1,,,,,,,,,,
R_bOfxpfs7c2akNkF,Default Response Set,Anonymous,,,0,8/17/2012 0:30,8/17/2012 0:35,1,1217,1,3,1,2,2,2,3,3,3,2,2,3,2,2,2,3,2,2,25,25,25,25,,,1,,1,,,,,,,,1,3,1,,,,
R_1C83gi6SO03ed6t,Default Response Set,Anonymous,,,0,8/17/2012 1:00,8/17/2012 1:03,1,1217,1,1,3,3,2,2,3,2,3,2,2,3,3,2,3,2,2,2,25,25,25,25,,,1,,1,,,,,,,,1,3,5,,,,
R_9zeMIZZHPLu2smh,Default Response Set,Anonymous,,,0,8/17/2012 1:05,8/17/2012 1:11,1,1217,1,3,1,2,2,1,3,4,3,3,2,3,3,1,2,4,3,1,10,25,25,40,,,1,,1,,,,,,,,1,2,3,,,,none.
R_6sQTGrn98m1sYWp,Default Response Set,Anonymous,,,0,8/17/2012 1:15,8/17/2012 1:18,1,1217,1,4,1,3,3,2,4,4,3,4,3,4,3,2,2,4,3,3,22,24,26,28,,,1,,1,,,,,,,,,,,1,1,1,
R_1S5ghrusa1dBa3r,Default Response Set,Anonymous,,,0,8/17/2012 1:35,8/17/2012 1:39,1,1217,1,4,1,3,3,3,3,3,3,3,3,4,3,3,3,3,3,3,15,25,40,20,,,1,,1,,1,1,1,,,,,,,,,,"If possible, please send me the purpose/results of this study to claytonb@carleton.edu"
R_dd4zusYcFpby50N,Default Response Set,Anonymous,,,0,8/17/2012 1:42,8/17/2012 1:46,1,1217,1,4,1,3,3,2,3,4,4,1,3,4,3,2,3,4,3,2,20,30,10,40,,,1,,1,,1,3,1,,,,,,,,,,
R_bfnPUoeh3XjB941,Default Response Set,Anonymous,,,0,8/17/2012 1:58,8/17/2012 2:00,1,1217,1,1,2,2,3,2,4,2,3,2,2,3,3,2,2,3,2,2,20,30,30,20,,,1,,1,,,,,,,,,,,1,3,1,None
R_8CdNZKrtXlteECN,Default Response Set,Anonymous,,,0,8/17/2012 2:21,8/17/2012 2:28,1,1217,1,4,1,3,4,2,4,4,4,3,2,3,3,2,3,4,3,3,10,20,35,35,,,1,,1,,,,,1,3,3,,,,,,,
R_eDvRifQuioZAu1v,Default Response Set,Anonymous,,,0,8/17/2012 3:26,8/17/2012 3:31,1,1217,1,3,1,3,3,2,4,4,4,3,2,3,4,3,3,4,3,2,15,30,30,25,,,1,,1,,,,,,,,,,,1,2,1,
R_6tHzoNZeaXiamnH,Default Response Set,Anonymous,,,0,8/17/2012 3:24,8/17/2012 3:39,1,1217,1,2,2,2,3,1,3,3,3,2,1,4,2,2,2,3,2,2,25,25,25,25,,,1,,1,,,,,,,,1,2,1,,,,
R_cMHZOLaLU5gtY0t,Default Response Set,Anonymous,,,0,8/17/2012 3:48,8/17/2012 3:54,1,1217,1,2,1,3,3,2,4,4,4,2,2,4,4,2,4,3,3,2,10,20,30,40,,,1,,1,,,,,1,3,5,,,,,,,NONE
R_ahroZWMGpGpJj6t,Default Response Set,Anonymous,,,0,8/17/2012 3:53,8/17/2012 4:01,1,1217,1,4,1,4,4,2,4,4,4,3,3,4,4,2,3,4,3,2,30,20,20,30,,,1,,1,,1,3,1,,,,,,,,,,
R_55Ut0hE3YbqN0Al,Default Response Set,Anonymous,,,0,8/17/2012 4:01,8/17/2012 4:06,1,1217,1,3,2,4,3,2,4,4,4,2,2,4,4,3,3,4,4,1,30,20,20,30,,,1,,1,,1,3,1,,,,,,,,,,
R_85GyxJwMT3GEng9,Default Response Set,Anonymous,,,0,8/17/2012 4:06,8/17/2012 4:08,1,1217,1,2,1,4,3,1,3,4,3,3,2,3,2,2,2,4,2,2,25,25,25,25,,,1,,1,,1,3,1,,,,,,,,,,
R_0pwvEpkWzPv94ot,Default Response Set,Anonymous,,,0,8/17/2012 4:28,8/17/2012 4:31,1,1217,1,1,3,3,2,2,1,1,3,2,2,4,2,3,3,3,2,2,20,20,30,30,,,1,,,,,,,,,,,,,1,3,3,
R_0ARtB5Nd4yPXOvz,Default Response Set,Anonymous,,,0,8/17/2012 4:45,8/17/2012 4:48,1,1217,1,4,2,3,3,2,4,4,3,3,2,4,3,2,3,4,3,1,10,20,30,40,,,1,,1,,,,,1,3,1,,,,,,,None
R_6flTLjDmp28jTtX,Default Response Set,Anonymous,,,0,8/17/2012 5:23,8/17/2012 5:32,1,1217,1,1,2,3,4,3,4,4,4,1,1,4,4,3,3,4,4,2,15,25,25,35,,,1,,1,,1,2,5,,,,,,,,,, I think Romney would have attracted more of  a cross section of voters with Ayotte as his choice. Ryan could be a big mistake.
R_dhFbtjclBelsFsF,Default Response Set,Anonymous,,,0,8/17/2012 5:30,8/17/2012 5:33,1,1217,1,2,4,2,3,3,4,4,4,2,2,4,3,2,3,4,2,3,10,10,30,50,,,1,,1,,1,3,1,,,,,,,,,,
R_eepJxljB1vpidkp,Default Response Set,Anonymous,,,0,8/17/2012 5:41,8/17/2012 5:45,1,1217,1,1,2,3,3,2,4,3,4,3,1,4,3,2,3,3,3,1,5,10,20,65,,,1,,1,,,,,,,,,,,1,2,1,
R_6gmh0bL2Sl6qNo1,Default Response Set,Anonymous,,,0,8/17/2012 6:07,8/17/2012 6:11,1,1217,1,3,1,3,4,3,4,4,4,3,3,4,4,3,3,4,3,3,50,30,15,5,,,1,,1,,,,,,,,,,,1,3,2,
R_3JHPbhiuSchV22V,Default Response Set,Anonymous,,,0,8/17/2012 6:01,8/17/2012 6:12,1,1217,1,4,1,2,3,1,3,2,3,2,2,2,3,2,3,4,3,2,50,10,10,30,,,1,,1,,,,,,,,,,,1,2,5,
R_a3nPSw0SFY5T7mZ,Default Response Set,Anonymous,,,0,8/17/2012 6:24,8/17/2012 6:27,1,1217,1,4,2,4,4,3,4,4,4,4,4,4,4,4,3,4,4,3,25,25,25,25,,,1,,1,,1,3,1,,,,,,,,,,
R_0culvhI1OoPQnNX,Default Response Set,Anonymous,,,0,8/17/2012 6:30,8/17/2012 6:34,1,1217,1,1,1,2,4,2,4,2,4,2,1,4,3,3,3,3,3,1,25,25,25,25,,,1,,1,,,,,1,3,2,,,,,,,
R_3sZpuZYl1lAhe85,Default Response Set,Anonymous,,,0,8/17/2012 6:31,8/17/2012 6:41,1,1217,1,4,2,3,3,2,4,4,4,3,3,3,4,2,3,4,3,2,5,10,35,50,,,1,,1,,,,,,,,1,3,1,,,,I wouldn't vote for Romney or Obama under any circumstance.  I'm writing in Sarah Palin.
R_6lkk5G8gbQNWTjf,Default Response Set,Anonymous,,,0,8/17/2012 6:43,8/17/2012 6:45,1,1217,1,1,4,2,3,2,4,2,4,3,1,3,4,3,3,3,3,1,20,50,10,20,,,1,,1,,1,2,1,,,,,,,,,,
R_3y18hCVTOVMEMzH,Default Response Set,Anonymous,,,0,8/17/2012 6:46,8/17/2012 6:49,1,1217,1,4,1,4,4,3,4,4,4,4,3,4,4,3,3,4,4,3,15,20,30,35,,,1,,1,,,,,,,,,,,1,3,1,"No comments, thanks for the hit!"
R_8kOUjmVpfBMzW2p,Default Response Set,Anonymous,,,0,8/17/2012 6:46,8/17/2012 6:49,1,1217,1,2,2,3,3,3,4,4,4,3,3,3,3,3,3,4,3,3,30,20,10,40,,,1,,1,,,,,,,,,,,1,3,1,
R_73TEvO9LnCYfvUN,Default Response Set,Anonymous,,,0,8/17/2012 6:46,8/17/2012 6:54,1,1217,1,4,1,4,3,2,4,3,3,3,3,4,3,2,2,3,2,2,10,15,35,40,,,1,,1,,,,,,,,1,2,1,,,,
R_2oirdrXdp5dgFVz,Default Response Set,Anonymous,,,0,8/17/2012 6:57,8/17/2012 7:00,1,1217,1,4,2,2,3,3,4,3,4,3,2,3,3,3,3,3,3,2,40,20,10,30,,,1,,1,,1,3,7,,,,,,,,,,This was fun and interesting.
R_baubDebZtWiLuqp,Default Response Set,Anonymous,,,0,8/17/2012 7:05,8/17/2012 7:10,1,1217,1,2,2,3,3,2,4,3,4,3,2,4,3,3,4,4,3,3,15,20,30,35,,,1,,1,,1,3,1,,,,,,,,,,
R_6mMD6xnsEDX4koR,Default Response Set,Anonymous,,,0,8/17/2012 7:18,8/17/2012 7:22,1,1217,1,3,1,3,3,2,3,3,3,2,2,3,3,2,3,3,3,2,10,20,40,30,,,1,,1,,1,1,1,,,,,,,,,,Good luck with your research!
R_3yogslXXj4hle2F,Default Response Set,Anonymous,,,0,8/17/2012 7:27,8/17/2012 7:30,1,1217,1,4,1,3,4,3,4,3,3,3,2,4,3,3,3,4,3,2,25,25,25,25,,,1,,1,,,,,,,,,,,1,3,4,
R_8qbwuKDwQT0p4rj,Default Response Set,Anonymous,,,0,8/17/2012 7:34,8/17/2012 7:37,1,1217,1,4,1,3,3,2,3,4,3,3,2,4,3,3,3,4,3,2,10,20,30,40,,,1,,1,,,,,,,,1,3,1,,,,
R_6idgX9XVO1V0byJ,Default Response Set,Anonymous,,,0,8/17/2012 7:40,8/17/2012 7:43,1,1217,1,4,1,3,4,3,4,4,4,3,3,4,3,3,3,4,3,2,30,15,20,35,,,1,,1,,,,,,,,1,2,1,,,,
R_2rC8Ti8WXdrYTxX,Default Response Set,Anonymous,,,0,8/17/2012 8:02,8/17/2012 8:09,1,1217,1,2,1,4,1,3,2,1,3,2,3,2,2,4,3,3,3,2,30,30,20,20,,1,,,,,,,,1,2,1,,,,,,,
R_aVPzeMDfcZ1rKxT,Default Response Set,Anonymous,,,0,8/17/2012 8:02,8/17/2012 8:12,1,1217,1,4,2,4,1,1,2,3,2,2,2,1,2,2,2,3,2,3,20,25,35,20,,1,1,,,1,1,3,1,,,,,,,,,,
R_bd8GR2cLuePRIax,Default Response Set,Anonymous,,,0,8/17/2012 8:56,8/17/2012 9:00,1,1217,1,2,2,3,4,2,4,4,4,3,3,4,3,2,3,4,3,3,20,20,30,30,,,1,,1,,,,,,,,1,2,7,,,,
R_0VwpByBajD32mnr,Default Response Set,Anonymous,,,0,8/17/2012 9:20,8/17/2012 9:23,1,1217,1,3,2,3,3,2,3,3,3,3,2,4,3,2,3,3,3,2,10,15,25,50,,,1,,1,,,,,,,,1,2,1,,,,
R_4YsorUUeJxmAbyZ,Default Response Set,Anonymous,,,0,8/17/2012 9:33,8/17/2012 9:37,1,1217,1,2,1,3,3,2,3,3,3,3,2,3,3,2,3,3,3,3,15,15,30,40,,,1,,1,,,,,,,,1,2,2,,,,
R_0USpNjPVdCYXJyJ,Default Response Set,Anonymous,,,0,8/17/2012 10:08,8/17/2012 10:11,1,1217,1,1,2,2,3,2,4,3,3,2,1,4,3,3,3,3,3,1,25,15,30,30,,,1,,1,,,,,,,,1,3,4,,,,
R_3K08l9B8fHBiaYR,Default Response Set,Anonymous,,,0,8/17/2012 10:23,8/17/2012 10:29,1,1217,1,1,2,3,3,3,4,4,4,3,2,4,3,3,3,4,3,1,30,20,20,30,,,1,,1,,,,,,,,,,,1,1,5,
R_eqRT1Dz8V4wHNo9,Default Response Set,Anonymous,,,0,8/17/2012 10:35,8/17/2012 10:38,1,1217,1,4,1,3,3,2,4,4,3,3,2,3,3,2,2,3,2,2,10,10,25,55,,,1,,1,,1,1,7,,,,,,,,,,
R_26raXIm2o8rVRlP,Default Response Set,Anonymous,,,0,8/17/2012 10:43,8/17/2012 10:45,1,1217,1,4,1,3,3,2,4,4,4,3,3,4,3,2,3,4,3,2,30,30,20,20,,,1,,1,,,,,,,,1,3,3,,,,That was interesting ... thank you.
R_2mhww4nctCaBXFP,Default Response Set,Anonymous,,,0,8/17/2012 10:51,8/17/2012 10:54,1,1217,1,2,2,3,3,2,3,3,3,3,2,3,3,2,3,3,3,2,10,25,30,35,,,1,,1,,,,,,,,1,3,1,,,,
