ResponseID,ResponseSet,Name,ExternalDataReference,EmailAddress,Status,StartDate,EndDate,Finished,study_number,I agree to participate in a research study conducted by the Massachusetts Institute of Technology. I...,I understand that this survey will test my reading comprehension (really whether I'm reading at all)...,attention_1-1,attention_1-2,attention_1-3,y,epc_1949,epc_1953,epc_1957,epc_1961,epc_1965,epc_1969,epc_1973,epc_1977,epc_1981,epc_1985,epc_1989,epc_1993,epc_1997,epc_2001,epc_2005,epc_2009,epc_2013,epc_2017,epc_2021,epc_2025,epc_2029,epc_2033,epc_2037,epc_2041,epc_2045,ly,ly_1949,ly_1953,ly_1957,ly_1961,ly_1965,ly_1969,ly_1973,ly_1977,ly_1981,ly_1985,ly_1989,ly_1993,ly_1997,ly_2001,ly_2005,ly_2009,ly_2013,ly_2017,ly_2021,ly_2025,ly_2029,ly_2033,ly_2037,ly_2041,ly_2045,yl,yl_1949,yl_1953,yl_1957,yl_1961,yl_1965,yl_1969,yl_1973,yl_1977,yl_1981,yl_1985,yl_1989,yl_1993,yl_1997,yl_2001,yl_2005,yl_2009,yl_2013,yl_2017,yl_2021,yl_2025,yl_2029,yl_2033,yl_2037,yl_2041,yl_2045,econ_weight_pres-Year 1,econ_weight_pres-Year 2,econ_weight_pres-Year 3,econ_weight_pres-Year 4,econ_weight_future-Year 1,econ_weight_future-Year 2,econ_weight_future-Year 3,econ_weight_future-Year 4,attention_2-pink,attention_2-red,attention_2-green,attention_2-white,attention_2-yellow,attention_2-blue,Thanks again! Any comments? (optional),how_responsible-Year 1,how_responsible-Year 2,how_responsible-Year 3,how_responsible-Year 4,v_1949,v_1953,v_1957,v_1961,v_1965,v_1969,v_1973,v_1977,v_1981,v_1985,v_1989,v_1993,v_1997,v_2001,v_2005,v_2009,v_2013,v_2017,v_2021,v_2025,v_2029,v_2033,v_2037,v_2041,v_2045
R_8qvqTwLCSabAYFC,Default Response Set,Anonymous,,,0,6/3/2011 10:06,6/3/2011 10:09,1,1101,1,1,1,1,,1,3,3,3,3,2,4,4,4,1,3,4,4,4,3,4,4,4,3,3,3,3,3,2,2,3,,,,,,,,,,,,,,,,,,,,,,,,,,,,,,,,,,,,,,,,,,,,,,,,,,,,,25,25,25,25,,,,,,,1,,1,,,2,2,3,4,,,,,,,,,,,,,,,,,,,,,,,,,
R_3sXUgQwfeQsMKXi,Default Response Set,Anonymous,,,0,6/3/2011 10:07,6/3/2011 10:11,1,1101,1,1,1,1,,,,,,,,,,,,,,,,,,,,,,,,,,,,1,4,1,3,4,3,3,3,4,1,4,3,4,4,3,4,3,4,3,4,1,2,1,1,3,2,,,,,,,,,,,,,,,,,,,,,,,,,,,5,15,30,50,,,,,,,1,,1,,,2,2,2,2,,,,,,,,,,,,,,,,,,,,,,,,,
R_3V0LvIzYfF8AO4k,Default Response Set,Anonymous,,,0,6/3/2011 10:09,6/3/2011 10:13,1,1101,1,1,1,1,,,,,,,,,,,,,,,,,,,,,,,,,,,,,,,,,,,,,,,,,,,,,,,,,,,,,,1,3,1,2,3,3,3,3,3,1,3,3,2,3,3,4,2,3,3,3,3,2,2,2,2,2,22,28,18,32,,,,,,,1,,1,,,2,3,3,3,,,,,,,,,,,,,,,,,,,,,,,,,
R_3fppql2Qu07f8Ow,Default Response Set,Anonymous,,,0,6/3/2011 10:10,6/3/2011 10:17,1,1101,1,1,1,1,,1,4,1,1,2,2,4,4,4,1,2,3,3,4,3,4,4,4,4,3,2,3,1,1,3,2,,,,,,,,,,,,,,,,,,,,,,,,,,,,,,,,,,,,,,,,,,,,,,,,,,,,,25,20,30,25,,,,,,,1,,1,,,1,1,1,1,,,,,,,,,,,,,,,,,,,,,,,,,
R_5urGIgOyUovc8Sg,Default Response Set,Anonymous,,,0,6/3/2011 10:11,6/3/2011 10:19,1,1101,1,1,1,1,,1,2,1,2,4,1,4,3,4,1,3,1,2,3,2,4,3,2,3,2,1,3,1,2,2,3,,,,,,,,,,,,,,,,,,,,,,,,,,,,,,,,,,,,,,,,,,,,,,,,,,,,,30,10,10,50,,,,,,,1,,1,,none,3,4,4,4,,,,,,,,,,,,,,,,,,,,,,,,,
R_71xDlADibkT7Ueo,Default Response Set,Anonymous,,,0,6/3/2011 10:13,6/3/2011 10:20,1,1101,1,1,1,1,,,,,,,,,,,,,,,,,,,,,,,,,,,,1,4,2,3,3,3,4,3,3,3,3,3,3,4,4,4,4,4,2,4,3,3,2,2,2,3,,,,,,,,,,,,,,,,,,,,,,,,,,,10,25,25,40,,,,,,,1,,1,,no,1,2,3,4,,,,,,,,,,,,,,,,,,,,,,,,,
R_3OV4RL4LS6xwsFC,Default Response Set,Anonymous,,,0,6/3/2011 10:15,6/3/2011 10:20,1,1101,1,1,1,1,,,,,,,,,,,,,,,,,,,,,,,,,,,,,,,,,,,,,,,,,,,,,,,,,,,,,,1,3,2,3,2,3,3,3,3,2,3,4,3,3,3,4,3,3,3,4,3,3,2,2,2,3,25,25,25,25,,,,,,,1,,1,,,3,3,3,3,,,,,,,,,,,,,,,,,,,,,,,,,
R_3z33bdSltQnwrIg,Default Response Set,Anonymous,,,0,6/3/2011 10:14,6/3/2011 10:20,1,1101,1,1,1,1,,1,3,1,3,3,2,4,2,4,2,3,3,3,4,4,4,4,4,3,3,2,3,2,1,1,3,,,,,,,,,,,,,,,,,,,,,,,,,,,,,,,,,,,,,,,,,,,,,,,,,,,,,20,10,20,50,,,,,,,1,,1,,,2,3,4,4,,,,,,,,,,,,,,,,,,,,,,,,,
R_8AEyL6dGl5Ou1co,Default Response Set,Anonymous,,,0,6/3/2011 10:16,6/3/2011 10:20,1,1101,1,1,1,1,,1,3,2,2,3,3,3,3,3,3,3,3,3,3,2,4,3,3,2,4,3,2,2,2,2,3,,,,,,,,,,,,,,,,,,,,,,,,,,,,,,,,,,,,,,,,,,,,,,,,,,,,,25,25,25,25,,,,,,,1,,1,,"None, thanks",2,2,2,2,,,,,,,,,,,,,,,,,,,,,,,,,
R_5bEwSoPIkBKbFGs,Default Response Set,Anonymous,,,0,6/3/2011 10:17,6/3/2011 10:22,1,1101,1,1,1,1,,,,,,,,,,,,,,,,,,,,,,,,,,,,1,4,4,4,4,4,4,4,4,4,4,4,4,4,4,4,4,4,4,4,4,4,4,3,4,4,,,,,,,,,,,,,,,,,,,,,,,,,,,10,10,10,70,,,,,,,1,,1,,,2,2,3,4,,,,,,,,,,,,,,,,,,,,,,,,,
R_5uT0wXvCARyhP0g,Default Response Set,Anonymous,,,0,6/3/2011 10:18,6/3/2011 10:23,1,1101,1,1,1,1,,,,,,,,,,,,,,,,,,,,,,,,,,,,,,,,,,,,,,,,,,,,,,,,,,,,,,1,3,2,4,4,4,4,3,4,4,4,4,4,4,4,4,4,4,3,4,3,3,3,2,3,3,25,25,25,25,,,,,,,1,,1,,,2,3,4,4,,,,,,,,,,,,,,,,,,,,,,,,,
R_0CGeWqvBPauOGVe,Default Response Set,Anonymous,,,0,6/3/2011 10:15,6/3/2011 10:23,1,1101,1,1,1,1,,,,,,,,,,,,,,,,,,,,,,,,,,,,,,,,,,,,,,,,,,,,,,,,,,,,,,1,4,2,1,4,2,4,4,3,1,2,3,3,4,3,4,4,3,3,3,2,3,4,1,3,2,15,25,30,30,,,,,,,1,,1,,no,1,2,3,4,,,,,,,,,,,,,,,,,,,,,,,,,
R_5hWZJD2DMVB1zYo,Default Response Set,Anonymous,,,0,6/3/2011 10:19,6/3/2011 10:25,1,1101,1,1,1,1,,,,,,,,,,,,,,,,,,,,,,,,,,,,1,4,2,4,2,3,2,2,4,3,4,2,4,4,3,4,4,3,2,4,4,3,2,1,1,4,,,,,,,,,,,,,,,,,,,,,,,,,,,20,20,20,40,,,,,,,,,,1,,3,3,3,3,,,,,,,,,,,,,,,,,,,,,,,,,
R_9MN3v72KN4ynVfC,Default Response Set,Anonymous,,,0,6/3/2011 10:20,6/3/2011 10:26,1,1101,1,1,1,1,,,,,,,,,,,,,,,,,,,,,,,,,,,,,,,,,,,,,,,,,,,,,,,,,,,,,,1,3,3,3,3,2,2,2,2,2,1,2,3,3,3,4,2,2,2,3,2,3,2,2,3,3,25,25,30,20,,,,,,,1,,1,,No,2,3,2,2,,,,,,,,,,,,,,,,,,,,,,,,,
R_3CWo3WU1xnXd66w,Default Response Set,Anonymous,,,0,6/3/2011 10:21,6/3/2011 10:26,1,1101,1,1,1,1,,,,,,,,,,,,,,,,,,,,,,,,,,,,1,3,2,3,3,2,3,2,3,2,3,3,3,3,3,4,3,3,2,3,3,3,2,2,2,3,,,,,,,,,,,,,,,,,,,,,,,,,,,20,15,15,50,,,,,,,1,,1,,none thanks,1,1,1,1,,,,,,,,,,,,,,,,,,,,,,,,,
R_8HyPUx9oygW4VVy,Default Response Set,Anonymous,,,0,6/3/2011 10:10,6/3/2011 10:26,1,1101,1,1,1,1,,,,,,,,,,,,,,,,,,,,,,,,,,,,1,3,1,2,4,3,4,3,4,2,3,3,3,4,3,4,3,2,2,4,3,4,2,3,2,3,,,,,,,,,,,,,,,,,,,,,,,,,,,25,25,25,25,,,,,,,1,,1,,,1,2,3,3,,,,,,,,,,,,,,,,,,,,,,,,,
R_3gz22qRKNCiOhz6,Default Response Set,Anonymous,,,0,6/3/2011 10:22,6/3/2011 10:26,1,1101,1,1,1,1,,,,,,,,,,,,,,,,,,,,,,,,,,,,1,3,1,3,2,2,3,3,3,2,3,3,3,2,2,3,2,2,2,2,3,2,1,2,2,2,,,,,,,,,,,,,,,,,,,,,,,,,,,15,20,30,35,,,,,,,1,,1,,NO,2,3,3,4,,,,,,,,,,,,,,,,,,,,,,,,,
R_3IWzjOFvbc5ZJcg,Default Response Set,Anonymous,,,0,6/3/2011 10:19,6/3/2011 10:27,1,1101,1,1,1,1,,1,3,2,3,3,3,3,2,3,3,3,3,3,3,3,4,2,4,3,3,3,2,2,2,2,3,,,,,,,,,,,,,,,,,,,,,,,,,,,,,,,,,,,,,,,,,,,,,,,,,,,,,25,25,25,25,,,,,,,1,,1,,,3,3,3,2,,,,,,,,,,,,,,,,,,,,,,,,,
R_3wlgqdz5BxmpT7e,Default Response Set,Anonymous,,,0,6/3/2011 10:22,6/3/2011 10:29,1,1101,1,1,1,1,,,,,,,,,,,,,,,,,,,,,,,,,,,,,,,,,,,,,,,,,,,,,,,,,,,,,,1,3,2,2,4,2,4,3,4,1,3,3,2,3,3,3,4,3,3,2,1,2,1,2,3,2,25,25,25,25,,,,,,,1,,1,,,3,3,3,3,,,,,,,,,,,,,,,,,,,,,,,,,
R_9S88yQ9oaA9asBK,Default Response Set,Anonymous,,,0,6/3/2011 10:23,6/3/2011 10:29,1,1101,1,1,1,1,,1,4,2,3,3,3,4,3,4,2,4,3,4,4,3,4,4,4,2,3,3,3,2,1,2,3,,,,,,,,,,,,,,,,,,,,,,,,,,,,,,,,,,,,,,,,,,,,,,,,,,,,,10,20,30,40,,,,,,,1,,1,,No comments.,2,3,4,4,,,,,,,,,,,,,,,,,,,,,,,,,
R_1BIOY8alDP3br6Y,Default Response Set,Anonymous,,,0,6/3/2011 10:29,6/3/2011 10:35,1,1101,1,1,1,1,,1,2,1,1,3,2,3,2,3,2,3,3,2,3,2,4,2,3,2,2,2,2,1,1,2,2,,,,,,,,,,,,,,,,,,,,,,,,,,,,,,,,,,,,,,,,,,,,,,,,,,,,,20,20,20,40,,,,,,,1,,1,,,4,4,4,4,,,,,,,,,,,,,,,,,,,,,,,,,
R_9HatgNq7HcMyIPq,Default Response Set,Anonymous,,,0,6/3/2011 10:29,6/3/2011 10:35,1,1101,1,1,1,1,,,,,,,,,,,,,,,,,,,,,,,,,,,,,,,,,,,,,,,,,,,,,,,,,,,,,,1,2,1,1,3,1,2,2,4,1,3,2,2,3,2,4,3,3,2,3,1,2,1,1,2,2,15,15,30,40,,,,,,,1,,1,,,1,2,3,4,,,,,,,,,,,,,,,,,,,,,,,,,
R_0oDmaSz10HpgcPq,Default Response Set,Anonymous,,,0,6/3/2011 10:28,6/3/2011 10:35,1,1101,1,1,1,1,,,,,,,,,,,,,,,,,,,,,,,,,,,,1,3,1,3,3,3,3,3,4,3,4,4,4,4,3,4,3,4,3,4,4,3,3,2,2,3,,,,,,,,,,,,,,,,,,,,,,,,,,,25,25,25,25,,,,,,,1,,1,,,2,2,2,2,,,,,,,,,,,,,,,,,,,,,,,,,
R_8v2KDFDuqxxGi5S,Default Response Set,Anonymous,,,0,6/3/2011 10:27,6/3/2011 10:39,1,1101,1,1,1,1,,1,3,1,3,3,3,4,2,4,3,3,3,4,3,3,4,3,4,3,3,3,3,2,1,2,4,,,,,,,,,,,,,,,,,,,,,,,,,,,,,,,,,,,,,,,,,,,,,,,,,,,,,20,15,15,50,,,,,,,1,,1,,,2,3,3,4,,,,,,,,,,,,,,,,,,,,,,,,,
R_81CGoIlvUv7HnEg,Default Response Set,Anonymous,,,0,6/3/2011 10:36,6/3/2011 10:43,1,1101,1,1,1,1,,,,,,,,,,,,,,,,,,,,,,,,,,,,1,3,1,2,3,2,3,2,3,1,2,3,3,2,3,4,3,2,2,3,2,3,2,2,2,3,,,,,,,,,,,,,,,,,,,,,,,,,,,20,20,20,40,,,,,,,1,,1,,,3,3,3,3,,,,,,,,,,,,,,,,,,,,,,,,,
R_begsZimE5OEuLPK,Default Response Set,Anonymous,,,0,6/3/2011 10:40,6/3/2011 10:47,1,1101,1,1,1,1,,,,,,,,,,,,,,,,,,,,,,,,,,,,,,,,,,,,,,,,,,,,,,,,,,,,,,1,3,1,3,3,3,3,3,4,3,4,4,3,3,3,4,4,4,2,4,3,2,2,1,1,3,10,20,30,40,,,,,,,1,,1,,I want an option between fairly bad and fairly good.,1,2,3,4,,,,,,,,,,,,,,,,,,,,,,,,,
R_6RsrIb6A3EG0GfG,Default Response Set,Anonymous,,,0,6/3/2011 10:44,6/3/2011 10:50,1,1101,1,1,1,1,,1,4,2,3,2,3,3,3,3,3,3,4,4,3,4,4,4,4,2,4,3,3,2,2,2,3,,,,,,,,,,,,,,,,,,,,,,,,,,,,,,,,,,,,,,,,,,,,,,,,,,,,,20,25,25,30,,,,,,,1,,1,,,2,2,3,3,,,,,,,,,,,,,,,,,,,,,,,,,
R_8vwWnKPHhKdRZ2Y,Default Response Set,Anonymous,,,0,6/3/2011 10:49,6/3/2011 10:54,1,1101,1,1,1,1,,1,2,1,2,3,1,3,2,3,1,3,2,2,3,3,4,3,2,2,3,1,2,1,1,2,3,,,,,,,,,,,,,,,,,,,,,,,,,,,,,,,,,,,,,,,,,,,,,,,,,,,,,20,10,20,50,,,,,,,1,,1,,,2,2,3,3,,,,,,,,,,,,,,,,,,,,,,,,,
R_eOKpM3AsGm5EKlS,Default Response Set,Anonymous,,,0,6/3/2011 10:45,6/3/2011 10:56,1,1101,1,1,1,1,,,,,,,,,,,,,,,,,,,,,,,,,,,,,,,,,,,,,,,,,,,,,,,,,,,,,,1,3,2,3,3,2,3,2,3,2,3,3,3,3,3,4,3,3,2,3,3,3,1,1,2,3,15,25,30,30,,,,,,,1,,1,,Thanks for the opportunity.,2,2,3,3,,,,,,,,,,,,,,,,,,,,,,,,,
R_6lCSnMYqQYCzVOc,Default Response Set,Anonymous,,,0,6/3/2011 10:48,6/3/2011 10:58,1,1101,1,1,1,1,,,,,,,,,,,,,,,,,,,,,,,,,,,,1,3,2,2,3,1,3,3,4,1,3,2,2,4,3,4,4,3,3,2,1,2,1,2,1,2,,,,,,,,,,,,,,,,,,,,,,,,,,,10,20,40,30,,,,,,,1,,1,,,1,3,3,3,,,,,,,,,,,,,,,,,,,,,,,,,
R_cYMhDKtyrRQ3qh6,Default Response Set,Anonymous,,,0,6/3/2011 10:51,6/3/2011 10:59,1,1101,1,1,1,1,,,,,,,,,,,,,,,,,,,,,,,,,,,,1,3,1,3,3,3,3,3,3,2,3,2,3,3,3,4,3,3,3,2,3,3,2,2,3,3,,,,,,,,,,,,,,,,,,,,,,,,,,,25,25,25,25,,,,,,,1,,1,,Interesting!,2,2,4,4,,,,,,,,,,,,,,,,,,,,,,,,,
R_bqL3hSp3sah1Uji,Default Response Set,Anonymous,,,0,6/3/2011 10:59,6/3/2011 11:06,1,1101,1,1,1,1,,,,,,,,,,,,,,,,,,,,,,,,,,,,1,3,2,2,2,3,3,3,3,3,3,3,3,3,2,3,2,3,2,4,2,3,1,1,1,2,,,,,,,,,,,,,,,,,,,,,,,,,,,30,20,20,30,,,,,,,1,,1,,,3,3,3,3,,,,,,,,,,,,,,,,,,,,,,,,,
R_8psWKU3XGHYL3g0,Default Response Set,Anonymous,,,0,6/3/2011 11:05,6/3/2011 11:10,1,1101,1,1,1,1,,1,3,1,1,4,1,4,4,4,1,3,2,2,3,3,3,3,4,4,2,1,3,1,1,1,2,,,,,,,,,,,,,,,,,,,,,,,,,,,,,,,,,,,,,,,,,,,,,,,,,,,,,25,25,25,25,,,,,,,1,,1,,no,1,2,3,4,,,,,,,,,,,,,,,,,,,,,,,,,
R_8vKoRwtGnDbwhZW,Default Response Set,Anonymous,,,0,6/3/2011 11:06,6/3/2011 11:13,1,1101,1,1,1,1,,,,,,,,,,,,,,,,,,,,,,,,,,,,,,,,,,,,,,,,,,,,,,,,,,,,,,1,4,2,3,3,3,3,2,4,3,4,4,4,3,3,4,4,4,3,4,4,4,2,2,2,3,25,10,20,45,,,,,,,1,,,," I didn't read the last question about color, which was probably a trick.  So I'm returning the hit",1,2,3,4,,,,,,,,,,,,,,,,,,,,,,,,,
R_5tMiw0n46HQI9jm,Default Response Set,Anonymous,,,0,6/3/2011 11:14,6/3/2011 11:18,1,1101,1,1,1,1,,,,,,,,,,,,,,,,,,,,,,,,,,,,,,,,,,,,,,,,,,,,,,,,,,,,,,1,2,2,2,2,3,2,2,2,3,3,3,2,2,2,3,3,3,2,3,3,2,2,1,2,2,20,20,20,40,,,,,,,1,,1,,,2,2,2,2,,,,,,,,,,,,,,,,,,,,,,,,,
R_2fLi2AXgnCmXigA,Default Response Set,Anonymous,,,0,6/3/2011 11:13,6/3/2011 11:19,1,1101,1,1,1,1,,,,,,,,,,,,,,,,,,,,,,,,,,,,1,3,3,3,3,3,3,4,4,3,4,4,4,3,3,4,4,3,3,4,3,3,3,3,3,3,,,,,,,,,,,,,,,,,,,,,,,,,,,25,25,25,25,,,,,,,1,,1,,,3,3,3,3,,,,,,,,,,,,,,,,,,,,,,,,,
R_1Rf78PwBD1SjCKM,Default Response Set,Anonymous,,,0,6/3/2011 11:01,6/3/2011 11:24,1,1101,1,1,1,1,,1,3,2,3,3,3,4,3,4,3,4,4,4,4,3,4,4,4,3,4,4,3,2,1,2,3,,,,,,,,,,,,,,,,,,,,,,,,,,,,,,,,,,,,,,,,,,,,,,,,,,,,,28,28,28,16,,,,,,,1,,1,,,3,4,4,4,,,,,,,,,,,,,,,,,,,,,,,,,
R_39MTPx5skBnHDYU,Default Response Set,Anonymous,,,0,6/3/2011 11:26,6/3/2011 11:31,1,1101,1,1,,,1,1,2,1,4,4,1,3,3,4,2,4,4,3,4,4,4,4,3,2,3,3,4,2,2,2,3,,,,,,,,,,,,,,,,,,,,,,,,,,,,,,,,,,,,,,,,,,,,,,,,,,,,,10,20,20,50,,,,,,,1,,1,,,3,4,4,4,,,,,,,,,,,,,,,,,,,,,,,,,
R_9H0D2ZyhsDbveGo,Default Response Set,Anonymous,,,0,6/3/2011 11:25,6/3/2011 11:32,1,1101,1,1,1,1,,,,,,,,,,,,,,,,,,,,,,,,,,,,1,2,2,3,3,2,3,2,4,2,3,3,3,3,3,4,3,3,2,3,3,3,2,1,1,3,,,,,,,,,,,,,,,,,,,,,,,,,,,25,25,25,25,,,,,,,1,,1,,,3,4,4,4,,,,,,,,,,,,,,,,,,,,,,,,,
R_0PPJxKcNHt910ji,Default Response Set,Anonymous,,,0,6/3/2011 11:27,6/3/2011 11:34,1,1101,1,1,1,1,,,,,,,,,,,,,,,,,,,,,,,,,,,,,,,,,,,,,,,,,,,,,,,,,,,,,,1,4,3,3,3,3,3,3,4,4,4,4,4,4,4,4,4,4,3,4,4,3,3,2,3,3,15,25,25,35,,,,,,,1,,1,,,2,3,3,3,,,,,,,,,,,,,,,,,,,,,,,,,
R_6FpHxdTM8Xq7WEQ,Default Response Set,Anonymous,,,0,6/3/2011 11:28,6/3/2011 11:35,1,1101,1,1,1,1,,,,,,,,,,,,,,,,,,,,,,,,,,,,,,,,,,,,,,,,,,,,,,,,,,,,,,1,3,3,3,3,3,2,2,3,3,4,3,4,3,2,4,3,3,3,4,3,4,2,3,3,2,30,30,20,20,,,,,,,1,,1,,,2,2,3,3,,,,,,,,,,,,,,,,,,,,,,,,,
R_5tZpm2xCHq7D4RS,Default Response Set,Anonymous,,,0,6/3/2011 11:30,6/3/2011 11:37,1,1101,1,1,1,1,,1,4,3,4,3,4,3,4,3,4,4,4,4,4,3,4,4,4,3,4,4,4,3,2,3,3,,,,,,,,,,,,,,,,,,,,,,,,,,,,,,,,,,,,,,,,,,,,,,,,,,,,,25,25,25,25,10,15,30,45,,,1,,1,,,1,2,2,4,,,,,,,,,,,,,,,,,,,,,,,,,
R_6tHJv5k5uJtDjaA,Default Response Set,Anonymous,,,0,6/3/2011 11:34,6/3/2011 11:38,1,1101,1,1,1,1,,,,,,,,,,,,,,,,,,,,,,,,,,,,1,3,2,4,4,3,4,3,4,3,4,3,3,4,3,4,4,3,3,4,3,3,2,1,2,3,,,,,,,,,,,,,,,,,,,,,,,,,,,10,30,30,30,0,0,0,100,,,1,,1,,,,,,,,,,,,,,,,,,,,,,,,,,,,,,,
R_cwKnjYIT0ew7gkQ,Default Response Set,Anonymous,,,0,6/3/2011 11:40,6/3/2011 11:44,1,1101,1,1,1,1,,1,3,1,1,4,1,4,3,4,1,3,3,2,4,4,4,4,3,3,2,1,2,1,1,2,2,,,,,,,,,,,,,,,,,,,,,,,,,,,,,,,,,,,,,,,,,,,,,,,,,,,,,10,10,30,50,10,10,30,50,,,1,,1,,Thank you.,,,,,,,,,,,,,,,,,,,,,,,,,,,,,
R_cNOHszTAMHFVCsc,Default Response Set,Anonymous,,,0,6/3/2011 11:42,6/3/2011 11:48,1,1101,1,1,1,1,,,,,,,,,,,,,,,,,,,,,,,,,,,,1,4,2,4,4,3,4,3,4,2,4,4,4,3,4,4,4,3,2,4,3,4,3,2,3,4,,,,,,,,,,,,,,,,,,,,,,,,,,,10,15,15,60,30,20,20,30,,,1,,1,,,,,,,,,,,,,,,,,,,,,,,,,,,,,,,
R_esrLBcqwQ6p5kws,Default Response Set,Anonymous,,,0,6/3/2011 11:44,6/3/2011 11:54,1,1101,1,1,1,1,,,,,,,,,,,,,,,,,,,,,,,,,,,,,,,,,,,,,,,,,,,,,,,,,,,,,,1,3,1,2,4,1,4,3,4,2,4,2,2,4,3,4,4,3,4,2,2,3,3,2,3,3,40,5,5,50,30,10,10,50,,,1,,1,,Interesting study,,,,,,,,,,,,,,,,,,,,,,,,,,,,,
R_efxhvEKftEP6RCc,Default Response Set,Anonymous,,,0,6/3/2011 11:57,6/3/2011 12:01,1,1101,1,1,1,1,,,,,,,,,,,,,,,,,,,,,,,,,,,,1,3,2,3,3,2,3,3,4,2,3,4,4,3,3,4,3,3,2,4,2,2,2,1,2,2,,,,,,,,,,,,,,,,,,,,,,,,,,,20,30,30,20,20,30,30,20,,,1,,1,,,,,,,,,,,,,,,,,,,,,,,,,,,,,,,
R_4TKq3ayWXIsJnww,Default Response Set,Anonymous,,,0,6/3/2011 12:01,6/3/2011 12:07,1,1101,1,1,1,1,,,,,,,,,,,,,,,,,,,,,,,,,,,,1,3,2,3,3,2,3,3,4,2,3,4,3,3,3,4,3,3,2,3,3,3,2,2,2,3,,,,,,,,,,,,,,,,,,,,,,,,,,,20,20,30,30,25,25,25,25,,,1,,1,,none,,,,,,,,,,,,,,,,,,,,,,,,,,,,,
R_6Fpzu5nUPQIYlus,Default Response Set,Anonymous,,,0,6/3/2011 12:00,6/3/2011 12:08,1,1101,1,1,1,1,,,,,,,,,,,,,,,,,,,,,,,,,,,,,,,,,,,,,,,,,,,,,,,,,,,,,,1,4,1,3,3,3,3,2,4,2,4,4,4,4,3,4,4,4,2,4,3,3,2,2,2,3,20,25,25,30,15,20,25,40,,,1,,1,,,,,,,,,,,,,,,,,,,,,,,,,,,,,,,
R_0OkX9cIHzKvuegY,Default Response Set,Anonymous,,,0,6/3/2011 11:59,6/3/2011 12:08,1,1101,1,1,1,1,,1,2,1,1,3,1,4,2,3,1,3,3,1,3,3,4,3,2,2,1,1,2,1,1,2,2,,,,,,,,,,,,,,,,,,,,,,,,,,,,,,,,,,,,,,,,,,,,,,,,,,,,,5,10,15,70,5,10,15,70,,,1,,1,,thank you,,,,,,,,,,,,,,,,,,,,,,,,,,,,,
R_7TFRhsteDUZoZJG,Default Response Set,Anonymous,,,0,6/3/2011 12:01,6/3/2011 12:09,1,1101,1,1,1,1,,,,,,,,,,,,,,,,,,,,,,,,,,,,,,,,,,,,,,,,,,,,,,,,,,,,,,1,3,2,3,3,3,3,3,4,3,4,4,4,4,3,4,4,4,3,3,4,3,3,2,3,3,20,20,25,35,25,25,25,25,,,1,,1,,,,,,,,,,,,,,,,,,,,,,,,,,,,,,,
R_dbde9nvbduzIoaU,Default Response Set,Anonymous,,,0,6/3/2011 12:04,6/3/2011 12:11,1,1101,1,1,1,1,,,,,,,,,,,,,,,,,,,,,,,,,,,,1,3,1,3,4,2,3,3,4,2,4,4,2,4,3,4,3,4,3,3,2,2,2,2,2,3,,,,,,,,,,,,,,,,,,,,,,,,,,,20,20,20,40,20,20,20,40,,,1,,1,,,,,,,,,,,,,,,,,,,,,,,,,,,,,,,
R_bfuRzFjgIUuJRHu,Default Response Set,Anonymous,,,0,6/3/2011 12:03,6/3/2011 12:15,1,1101,1,1,1,1,,1,3,2,2,3,2,3,2,4,1,3,3,2,3,3,4,3,3,2,3,1,3,2,1,2,2,,,,,,,,,,,,,,,,,,,,,,,,,,,,,,,,,,,,,,,,,,,,,,,,,,,,,15,20,20,45,15,20,30,35,,,1,,1,,"I think when I see the economy shown over a 4 year period, I tend to focus on the last  year as being significant. I also looked at a progression. If it wen't steadily up it was positive, and if it wen't steadily down it was negative.  /  / The 3rd and 4th years especially swayed me to rate how positive or negative the economy was if they were the ones that were up or down.",,,,,,,,,,,,,,,,,,,,,,,,,,,,,
R_cTOJ4zDZYJ3Lf8g,Default Response Set,Anonymous,,,0,5/27/2011 12:24,5/27/2011 12:24,0,,1,,,,,1,,,,,,,,,,,,,,,,,,,,,,,,,,,,,,,,,,,,,,,,,,,,,,,,,,,,,,,,,,,,,,,,,,,,,,,,,,,,,,,,,,,,,,,,,,,,,,,,,,,,,,,,,,,,,,,,,,,,,,,,,
R_bfiQH0RzgPFWgYI,Default Response Set,Anonymous,,,8,5/27/2011 12:25,5/27/2011 12:25,0,,1,,,,,1,,,,,,,,,,,,,,,,,,,,,,,,,,,,,,,,,,,,,,,,,,,,,,,,,,,,,,,,,,,,,,,,,,,,,,,,,,,,,,,,,,,,,,,,,,,,,,,,,,,,,,,,,,,,,,,,,,,,,,,,,
R_eeXuGjt6ENyUBsU,Default Response Set,Anonymous,,,0,5/27/2011 12:26,5/27/2011 12:26,0,,1,,,,,,,,,,,,,,,,,,,,,,,,,,,,,,,1,,,,,,,,,,,,,,,,,,,,,,,,,,,,,,,,,,,,,,,,,,,,,,,,,,,,,,,,,,,,,,,,,,,,,,,,,,,,,,,,,,,,,,,,,,,,,,,
R_dgKUai7EllTS6KU,Default Response Set,Anonymous,,,0,6/3/2011 12:24,6/3/2011 12:28,1,1101,1,1,1,1,,1,3,1,2,4,2,4,4,4,1,3,4,3,4,4,4,4,4,4,3,1,3,1,1,3,3,,,,,,,,,,,,,,,,,,,,,,,,,,,,,,,,,,,,,,,,,,,,,,,,,,,,,10,10,40,40,10,20,30,40,,,1,,1,,,,,,,,,,,,,,,,,,,,,,,,,,,,,,,
R_3atZeBo1ieldJcg,Default Response Set,Anonymous,,,0,6/3/2011 12:23,6/3/2011 12:30,1,1101,1,1,1,1,,1,3,2,4,4,2,3,3,4,3,3,4,4,3,3,4,3,3,3,4,3,4,2,2,1,3,,,,,,,,,,,,,,,,,,,,,,,,,,,,,,,,,,,,,,,,,,,,,,,,,,,,,10,10,35,45,25,15,25,35,,,1,,1,,,,,,,,,,,,,,,,,,,,,,,,,,,,,,,
R_0NVYHxfGCMtqCnG,Default Response Set,Anonymous,,,0,6/3/2011 12:26,6/3/2011 12:35,1,1101,1,1,1,1,,,,,,,,,,,,,,,,,,,,,,,,,,,,1,4,3,4,4,3,4,3,4,4,4,4,4,4,4,4,4,3,3,4,4,4,3,2,3,4,,,,,,,,,,,,,,,,,,,,,,,,,,,30,20,20,30,30,20,20,30,,,1,,1,,Nope.,,,,,,,,,,,,,,,,,,,,,,,,,,,,,
R_1FjZQy6RcNxE9qQ,Default Response Set,Anonymous,,,0,6/3/2011 12:38,6/3/2011 12:42,1,1101,1,1,1,1,,1,2,2,4,1,2,2,2,3,2,3,3,3,4,3,4,2,1,2,3,2,2,2,3,2,3,,,,,,,,,,,,,,,,,,,,,,,,,,,,,,,,,,,,,,,,,,,,,,,,,,,,,20,15,15,50,35,20,15,30,,,1,,1,,,,,,,,,,,,,,,,,,,,,,,,,,,,,,,
R_0kdjyl6PtUnaOpu,Default Response Set,Anonymous,,,0,6/3/2011 12:47,6/3/2011 12:57,1,1101,1,1,1,1,,,,,,,,,,,,,,,,,,,,,,,,,,,,,,,,,,,,,,,,,,,,,,,,,,,,,,1,3,1,3,2,2,3,2,3,2,3,3,3,2,3,4,3,2,2,4,2,2,2,1,2,3,25,25,25,25,25,25,25,25,,,1,,1,,"Because it was the second term, I put equal weight on each year.",,,,,,,,,,,,,,,,,,,,,,,,,,,,,
R_7USDJ8XerXVWHoU,Default Response Set,Anonymous,,,0,6/3/2011 12:55,6/3/2011 13:00,1,1101,1,1,1,1,,,,,,,,,,,,,,,,,,,,,,,,,,,,1,3,2,3,3,2,3,3,4,2,4,3,3,4,3,4,3,3,3,4,3,3,3,1,3,3,,,,,,,,,,,,,,,,,,,,,,,,,,,10,10,20,60,5,20,25,50,,,1,,1,,thank you!,,,,,,,,,,,,,,,,,,,,,,,,,,,,,
R_a32zaDKiykRS6O0,Default Response Set,Anonymous,,,0,6/3/2011 13:09,6/3/2011 13:16,1,1101,1,1,1,1,,,,,,,,,,,,,,,,,,,,,,,,,,,,,,,,,,,,,,,,,,,,,,,,,,,,,,1,4,3,4,4,4,4,3,4,3,4,4,4,4,4,4,4,4,3,4,4,4,3,3,3,4,25,25,25,25,25,25,25,25,,,1,,1,,,,,,,,,,,,,,,,,,,,,,,,,,,,,,,
R_39pPhQV7QHwNhZO,Default Response Set,Anonymous,,,0,6/3/2011 13:12,6/3/2011 13:20,1,1101,1,1,1,1,,1,3,1,4,3,2,3,3,4,3,3,3,4,4,3,4,3,3,2,4,2,3,2,1,2,4,,,,,,,,,,,,,,,,,,,,,,,,,,,,,,,,,,,,,,,,,,,,,,,,,,,,,20,20,30,30,10,10,30,50,,,1,,1,,no,,,,,,,,,,,,,,,,,,,,,,,,,,,,,
R_8wx4lH7BhkPxGrW,Default Response Set,Anonymous,,,0,6/3/2011 13:19,6/3/2011 13:24,1,1101,1,1,1,1,,,,,,,,,,,,,,,,,,,,,,,,,,,,,,,,,,,,,,,,,,,,,,,,,,,,,,1,3,1,2,2,2,2,2,3,3,3,3,3,3,3,4,3,3,2,3,3,3,2,2,2,3,20,20,30,30,10,20,30,40,,,1,,1,,,,,,,,,,,,,,,,,,,,,,,,,,,,,,,
R_eR8Juas4tb88ZIo,Default Response Set,Anonymous,,,0,6/3/2011 13:17,6/3/2011 13:26,1,1101,1,1,1,1,,,,,,,,,,,,,,,,,,,,,,,,,,,,1,4,3,3,4,4,4,4,4,2,3,4,3,4,3,4,4,4,3,3,4,3,3,2,3,3,,,,,,,,,,,,,,,,,,,,,,,,,,,10,20,40,30,20,45,5,30,,,1,,1,,good survey - thanks!,,,,,,,,,,,,,,,,,,,,,,,,,,,,,
R_8l8bobdAff38WS8,Default Response Set,Anonymous,,,0,6/3/2011 13:23,6/3/2011 13:29,1,1101,1,1,1,1,,,,,,,,,,,,,,,,,,,,,,,,,,,,1,3,2,3,3,2,4,3,4,2,3,3,3,4,3,4,3,3,3,3,2,3,2,1,2,2,,,,,,,,,,,,,,,,,,,,,,,,,,,15,20,20,45,15,25,25,35,,,1,,1,,no,,,,,,,,,,,,,,,,,,,,,,,,,,,,,
R_3fu4jA3rPJrDczi,Default Response Set,Anonymous,,,0,6/3/2011 13:30,6/3/2011 13:37,1,1101,1,1,1,1,,1,3,2,2,4,3,4,3,4,3,3,4,3,4,4,4,4,4,3,4,3,3,3,2,3,3,,,,,,,,,,,,,,,,,,,,,,,,,,,,,,,,,,,,,,,,,,,,,,,,,,,,,20,30,30,20,40,25,25,10,,,1,,1,,,,,,,,,,,,,,,,,,,,,,,,,,,,,,,
R_7WGXUEajtqTvUFe,Default Response Set,Anonymous,,,0,6/3/2011 13:33,6/3/2011 13:38,1,1101,1,1,1,1,,1,3,1,1,1,3,3,2,2,2,2,3,2,2,2,4,1,3,1,3,3,1,1,1,1,1,,,,,,,,,,,,,,,,,,,,,,,,,,,,,,,,,,,,,,,,,,,,,,,,,,,,,25,25,25,25,25,25,25,25,,,1,,1,,,,,,,,,,,,,,,,,,,,,,,,,,,,,,,
R_cNN2dizHPzQN94w,Default Response Set,Anonymous,,,0,6/3/2011 13:31,6/3/2011 13:40,1,1101,1,1,1,1,,,,,,,,,,,,,,,,,,,,,,,,,,,,1,3,2,3,3,2,3,3,3,2,3,3,3,4,3,3,3,3,3,3,3,2,2,2,2,2,,,,,,,,,,,,,,,,,,,,,,,,,,,10,15,25,50,15,20,30,35,,,1,,1,,,,,,,,,,,,,,,,,,,,,,,,,,,,,,,
R_4YOiWUZOBzLDVKQ,Default Response Set,Anonymous,,,0,6/3/2011 13:34,6/3/2011 13:48,1,1101,1,1,1,1,,,,,,,,,,,,,,,,,,,,,,,,,,,,,,,,,,,,,,,,,,,,,,,,,,,,,,1,3,1,3,2,1,3,2,3,2,3,3,2,3,3,4,3,3,1,2,3,3,2,1,3,3,10,15,25,50,10,15,25,50,,,1,,1,,,,,,,,,,,,,,,,,,,,,,,,,,,,,,,
R_cYBew4BKVU7N6U4,Default Response Set,Anonymous,,,0,6/3/2011 13:44,6/3/2011 13:49,1,1101,1,1,1,1,,,,,,,,,,,,,,,,,,,,,,,,,,,,1,4,2,3,3,3,4,3,4,2,4,4,4,4,3,4,4,4,2,3,3,4,3,1,3,3,,,,,,,,,,,,,,,,,,,,,,,,,,,40,20,10,30,30,20,20,30,,,1,,1,,,,,,,,,,,,,,,,,,,,,,,,,,,,,,,
R_dhdhQ1jjq1yw4w4,Default Response Set,Anonymous,,,0,6/3/2011 13:49,6/3/2011 13:54,1,1101,1,1,1,1,,,,,,,,,,,,,,,,,,,,,,,,,,,,,,,,,,,,,,,,,,,,,,,,,,,,,,1,3,2,3,2,4,3,2,3,3,3,3,4,3,3,4,3,4,1,4,3,3,2,1,2,3,25,25,25,25,20,20,30,30,,,1,,1,,,,,,,,,,,,,,,,,,,,,,,,,,,,,,,
R_2317xrkDPTbYWjy,Default Response Set,Anonymous,,,0,6/3/2011 14:09,6/3/2011 14:13,1,1101,1,1,1,1,,1,3,2,1,3,2,4,2,4,1,2,3,2,3,2,4,4,3,2,3,2,2,1,1,2,2,,,,,,,,,,,,,,,,,,,,,,,,,,,,,,,,,,,,,,,,,,,,,,,,,,,,,5,20,25,50,50,25,25,0,,,1,,1,,,,,,,,,,,,,,,,,,,,,,,,,,,,,,,
R_6yS7u260orYcvm4,Default Response Set,Anonymous,,,0,6/3/2011 14:09,6/3/2011 14:19,1,1101,1,1,1,1,,1,2,2,2,1,2,2,2,2,2,2,3,3,2,2,4,2,3,2,3,3,2,2,1,1,2,,,,,,,,,,,,,,,,,,,,,,,,,,,,,,,,,,,,,,,,,,,,,,,,,,,,,25,25,25,25,15,20,30,35,,,1,,1,,,,,,,,,,,,,,,,,,,,,,,,,,,,,,,
R_00uXEmKSbrfQcRu,Default Response Set,Anonymous,,,0,6/3/2011 14:14,6/3/2011 14:23,1,1101,1,1,1,1,,,,,,,,,,,,,,,,,,,,,,,,,,,,1,3,2,2,4,2,3,3,3,1,3,2,3,3,4,4,4,3,1,3,4,4,2,1,3,3,,,,,,,,,,,,,,,,,,,,,,,,,,,15,35,35,15,15,25,35,25,,,1,,1,,,,,,,,,,,,,,,,,,,,,,,,,,,,,,,
R_6J9eg8XSj1WWhtq,Default Response Set,Anonymous,,,0,6/3/2011 14:33,6/3/2011 14:42,1,1101,1,1,1,1,,,,,,,,,,,,,,,,,,,,,,,,,,,,,,,,,,,,,,,,,,,,,,,,,,,,,,1,3,2,3,4,2,3,2,4,3,4,3,4,4,3,4,4,3,2,4,3,4,2,1,2,3,10,30,35,25,35,35,20,10,,,1,,1,,NONE,,,,,,,,,,,,,,,,,,,,,,,,,,,,,
R_5dLT9BKgiZCivQg,Default Response Set,Anonymous,,,0,6/3/2011 14:39,6/3/2011 14:45,1,1101,1,1,1,1,,,,,,,,,,,,,,,,,,,,,,,,,,,,1,4,3,3,4,3,4,4,4,2,4,4,4,3,4,4,4,4,3,4,4,3,2,2,2,4,,,,,,,,,,,,,,,,,,,,,,,,,,,25,25,25,25,5,15,30,50,,,1,,1,,,,,,,,,,,,,,,,,,,,,,,,,,,,,,,
R_5BXTeXyI8nCO4II,Default Response Set,Anonymous,,,0,6/3/2011 14:58,6/3/2011 15:02,1,1101,1,1,1,1,,1,4,3,4,3,4,4,4,4,3,3,4,4,3,4,4,4,4,3,4,4,3,3,1,1,4,,,,,,,,,,,,,,,,,,,,,,,,,,,,,,,,,,,,,,,,,,,,,,,,,,,,,25,25,25,25,25,25,25,25,,,1,,1,,,,,,,,,,,,,,,,,,,,,,,,,,,,,,,
R_54q7cfh5WRzja72,Default Response Set,Anonymous,,,0,6/3/2011 14:56,6/3/2011 15:04,1,1101,1,1,1,1,,,,,,,,,,,,,,,,,,,,,,,,,,,,,,,,,,,,,,,,,,,,,,,,,,,,,,1,3,3,3,4,3,3,3,3,3,3,3,3,3,3,4,3,3,2,3,3,3,3,2,2,3,25,25,25,25,10,20,30,40,,,1,,,,,,,,,,,,,,,,,,,,,,,,,,,,,,,,,
R_795sUnDNl0PuXZy,Default Response Set,Anonymous,,,0,6/3/2011 15:02,6/3/2011 15:07,1,1101,1,1,1,1,,1,3,2,2,3,2,2,2,3,2,2,3,3,2,2,3,3,2,2,2,2,2,2,2,2,2,,,,,,,,,,,,,,,,,,,,,,,,,,,,,,,,,,,,,,,,,,,,,,,,,,,,,30,20,20,30,40,10,10,40,,,1,,1,,,,,,,,,,,,,,,,,,,,,,,,,,,,,,,
R_4UivCo3KoX1ndzK,Default Response Set,Anonymous,,,0,6/3/2011 15:08,6/3/2011 15:12,1,1101,1,1,1,1,,,,,,,,,,,,,,,,,,,,,,,,,,,,,,,,,,,,,,,,,,,,,,,,,,,,,,1,2,1,3,4,2,4,3,4,2,3,4,4,4,3,4,4,3,3,4,3,3,2,1,2,3,25,25,25,25,25,25,25,25,,,1,,1,,good survey questions were clear.,,,,,,,,,,,,,,,,,,,,,,,,,,,,,
R_556UkzuIqcTGbHu,Default Response Set,Anonymous,,,0,6/3/2011 15:11,6/3/2011 15:15,1,1101,1,1,1,1,,1,4,3,3,3,4,3,3,3,2,3,4,4,4,3,4,4,4,3,4,2,3,3,2,3,3,,,,,,,,,,,,,,,,,,,,,,,,,,,,,,,,,,,,,,,,,,,,,,,,,,,,,15,15,30,40,15,15,20,50,,,1,,1,,,,,,,,,,,,,,,,,,,,,,,,,,,,,,,
R_eu45Elj0dwK6Yks,Default Response Set,Anonymous,,,0,6/3/2011 15:10,6/3/2011 15:17,1,1101,1,1,1,1,,,,,,,,,,,,,,,,,,,,,,,,,,,,1,2,2,2,3,2,3,3,3,2,3,3,3,3,3,4,3,3,3,3,2,2,2,2,2,3,,,,,,,,,,,,,,,,,,,,,,,,,,,10,20,20,50,10,20,20,50,,,1,,1,,,,,,,,,,,,,,,,,,,,,,,,,,,,,,,
R_9Ny5peQ9nx8IZaQ,Default Response Set,Anonymous,,,0,6/3/2011 15:14,6/3/2011 15:18,1,1101,1,1,1,1,,,,,,,,,,,,,,,,,,,,,,,,,,,,1,2,2,3,3,2,3,2,3,2,3,2,2,3,3,4,3,3,3,2,2,2,2,1,3,3,,,,,,,,,,,,,,,,,,,,,,,,,,,10,15,35,40,10,40,40,10,,,1,,1,,,,,,,,,,,,,,,,,,,,,,,,,,,,,,,
R_5sCMiP4xx7CQbgE,Default Response Set,Anonymous,,,0,5/27/2011 15:14,5/27/2011 15:25,0,,1,,,,,,,,,,,,,,,,,,,,,,,,,,,,,,,,,,,,,,,,,,,,,,,,,,,,,,,,,1,1,,1,1,1,1,,,1,1,1,1,1,1,,,,1,1,1,1,1,,,1,,,,,,,,,,,,,,,,,,,,,,,,,,,,,,,,,,,,,,,,,,,,
R_0DtUug7XheyMxb6,Default Response Set,Anonymous,,,0,6/3/2011 15:18,6/3/2011 15:26,1,1101,1,1,1,1,,,,,,,,,,,,,,,,,,,,,,,,,,,,,,,,,,,,,,,,,,,,,,,,,,,,,,1,3,3,3,2,2,2,3,3,4,4,2,4,2,3,4,3,3,3,4,2,4,3,2,3,4,20,30,35,15,15,30,30,25,,,1,,1,,,,,,,,,,,,,,,,,,,,,,,,,,,,,,,
R_bqRcPEFaQFBtw8s,Default Response Set,Anonymous,,,0,6/3/2011 15:21,6/3/2011 15:26,1,1101,1,1,1,1,,,,,,,,,,,,,,,,,,,,,,,,,,,,1,2,1,1,1,3,1,1,2,3,3,4,3,2,2,2,2,2,1,3,3,2,1,1,2,1,,,,,,,,,,,,,,,,,,,,,,,,,,,25,25,25,25,10,20,20,50,,,1,,1,,,,,,,,,,,,,,,,,,,,,,,,,,,,,,,
R_bxOmwhNxpe5Hl2c,Default Response Set,Anonymous,,,0,6/3/2011 15:22,6/3/2011 15:29,1,1101,1,1,1,1,,1,3,2,3,4,2,4,3,4,2,3,3,3,4,3,4,3,3,2,3,2,3,2,1,3,3,,,,,,,,,,,,,,,,,,,,,,,,,,,,,,,,,,,,,,,,,,,,,,,,,,,,,20,20,40,20,20,20,40,20,,,1,,1,,,,,,,,,,,,,,,,,,,,,,,,,,,,,,,
R_2ctUoKdOGCiN7Te,Default Response Set,Anonymous,,,0,6/3/2011 15:27,6/3/2011 15:36,1,1101,1,1,1,1,,,,,,,,,,,,,,,,,,,,,,,,,,,,,,,,,,,,,,,,,,,,,,,,,,,,,,1,3,3,3,3,3,3,3,3,3,3,3,3,3,3,4,3,3,2,3,3,2,2,2,2,3,25,25,25,25,25,25,25,25,,,1,,1,,,,,,,,,,,,,,,,,,,,,,,,,,,,,,,
R_9yQrGqa7f5tjf7e,Default Response Set,Anonymous,,,0,6/3/2011 15:37,6/3/2011 15:45,1,1101,1,1,1,1,,,,,,,,,,,,,,,,,,,,,,,,,,,,,,,,,,,,,,,,,,,,,,,,,,,,,,1,4,2,4,4,3,3,4,4,3,4,3,4,3,4,4,3,3,3,3,3,4,3,3,3,3,10,15,20,55,20,20,25,35,,,1,,1,,"I don't know too much about determining whether the economy is ""good"" or ""bad.""",,,,,,,,,,,,,,,,,,,,,,,,,,,,,
R_eQavNM9uxS00WyM,Default Response Set,Anonymous,,,0,6/3/2011 15:44,6/3/2011 15:49,1,1101,1,1,1,1,,,,,,,,,,,,,,,,,,,,,,,,,,,,1,3,1,3,3,1,4,2,4,3,4,2,3,3,3,4,3,3,2,3,3,3,2,1,2,3,,,,,,,,,,,,,,,,,,,,,,,,,,,8,17,25,50,75,20,3,2,,,1,,1,,,,,,,,,,,,,,,,,,,,,,,,,,,,,,,
R_6VC8alZ9vKvksiU,Default Response Set,Anonymous,,,0,6/3/2011 15:47,6/3/2011 15:51,1,1101,1,1,1,1,,,,,,,,,,,,,,,,,,,,,,,,,,,,,,,,,,,,,,,,,,,,,,,,,,,,,,1,3,2,3,3,3,3,2,4,3,3,4,4,4,3,4,4,4,3,4,4,3,3,2,2,3,25,25,25,25,25,25,25,25,,,1,,1,,,,,,,,,,,,,,,,,,,,,,,,,,,,,,,
R_3gz5gsvz4PRw01C,Default Response Set,Anonymous,,,0,6/3/2011 15:44,6/3/2011 15:51,1,1101,1,1,1,1,,1,3,3,2,2,4,3,3,4,2,3,3,3,4,3,4,4,4,2,3,2,2,2,2,2,3,,,,,,,,,,,,,,,,,,,,,,,,,,,,,,,,,,,,,,,,,,,,,,,,,,,,,25,20,25,30,25,25,25,25,,,1,,1,,,,,,,,,,,,,,,,,,,,,,,,,,,,,,,
R_d1q36X4kzdU3SyU,Default Response Set,Anonymous,,,0,6/3/2011 15:48,6/3/2011 15:55,1,1101,1,1,1,1,,,,,,,,,,,,,,,,,,,,,,,,,,,,1,3,3,3,4,2,3,3,4,3,4,4,4,3,3,4,4,3,3,4,4,3,3,3,2,3,,,,,,,,,,,,,,,,,,,,,,,,,,,25,25,25,25,5,10,15,70,,,1,,1,,,,,,,,,,,,,,,,,,,,,,,,,,,,,,,
R_235vHzmNz6hpcMY,Default Response Set,Anonymous,,,0,6/3/2011 15:58,6/3/2011 16:02,1,1101,1,1,1,1,,,,,,,,,,,,,,,,,,,,,,,,,,,,1,3,2,3,3,2,3,3,4,2,3,3,3,3,3,4,4,3,2,3,3,2,2,1,2,2,,,,,,,,,,,,,,,,,,,,,,,,,,,10,20,20,50,5,20,30,45,,,1,,1,,,,,,,,,,,,,,,,,,,,,,,,,,,,,,,
R_bOzM5fK2qUIMxLK,Default Response Set,Anonymous,,,0,6/3/2011 15:52,6/3/2011 16:02,1,1101,1,1,1,1,,1,3,2,3,3,4,3,2,3,2,3,4,4,3,2,4,3,4,3,4,3,2,3,2,2,3,,,,,,,,,,,,,,,,,,,,,,,,,,,,,,,,,,,,,,,,,,,,,,,,,,,,,25,25,25,25,20,20,30,30,,,1,,1,,,,,,,,,,,,,,,,,,,,,,,,,,,,,,,
R_8oZH7W0z46xdTU0,Default Response Set,Anonymous,,,0,6/3/2011 15:52,6/3/2011 16:06,1,1101,1,1,1,1,,1,2,1,2,2,3,3,1,3,2,2,3,3,3,2,4,2,3,2,2,2,2,1,1,2,2,,,,,,,,,,,,,,,,,,,,,,,,,,,,,,,,,,,,,,,,,,,,,,,,,,,,,20,15,20,45,20,15,15,50,,,1,,1,,,,,,,,,,,,,,,,,,,,,,,,,,,,,,,
R_1QX9mCG4OkA3xWs,Default Response Set,Anonymous,,,0,6/3/2011 15:58,6/3/2011 16:07,1,1101,1,1,1,1,,,,,,,,,,,,,,,,,,,,,,,,,,,,,,,,,,,,,,,,,,,,,,,,,,,,,,1,2,1,2,3,2,4,3,3,2,3,4,3,3,3,4,3,3,3,3,3,2,2,2,2,3,10,20,20,50,5,35,20,40,,,1,,1,,,,,,,,,,,,,,,,,,,,,,,,,,,,,,,
R_2odnZSMPV49Y8w4,Default Response Set,Anonymous,,,0,6/3/2011 16:03,6/3/2011 16:12,1,1101,1,1,1,1,,1,3,2,3,2,4,3,3,3,3,3,3,4,3,3,4,3,3,3,4,3,3,2,1,2,3,,,,,,,,,,,,,,,,,,,,,,,,,,,,,,,,,,,,,,,,,,,,,,,,,,,,,25,25,25,25,25,25,25,25,,,1,,1,,,,,,,,,,,,,,,,,,,,,,,,,,,,,,,
R_eysosB0seD1jLFi,Default Response Set,Anonymous,,,0,6/3/2011 16:16,6/3/2011 16:21,1,1101,1,1,1,1,,,,,,,,,,,,,,,,,,,,,,,,,,,,,,,,,,,,,,,,,,,,,,,,,,,,,,1,3,2,3,3,2,2,2,4,2,3,3,2,3,2,4,2,2,2,3,2,3,2,1,2,3,15,25,25,35,20,20,25,35,,,1,,1,,,,,,,,,,,,,,,,,,,,,,,,,,,,,,,
R_5uOZ3r2bFgaUqZ6,Default Response Set,Anonymous,,,0,6/3/2011 16:18,6/3/2011 16:25,1,1101,1,1,1,1,,,,,,,,,,,,,,,,,,,,,,,,,,,,1,4,3,3,3,4,3,3,4,3,4,4,4,2,3,3,3,3,2,3,3,4,3,3,3,3,,,,,,,,,,,,,,,,,,,,,,,,,,,0,40,10,50,0,40,10,50,,,1,,1,,,,,,,,,,,,,,,,,,,,,,,,,,,,,,,
R_29SVfMhzn06ueEY,Default Response Set,Anonymous,,,0,6/3/2011 16:25,6/3/2011 16:29,1,1101,1,1,1,1,,1,3,2,3,3,3,3,3,2,1,3,4,3,2,3,4,3,3,2,4,2,3,1,2,2,2,,,,,,,,,,,,,,,,,,,,,,,,,,,,,,,,,,,,,,,,,,,,,,,,,,,,,25,25,25,25,10,20,30,40,,,1,,1,,,,,,,,,,,,,,,,,,,,,,,,,,,,,,,
R_a65cDa0R8CFcGtS,Default Response Set,Anonymous,,,0,6/3/2011 16:48,6/3/2011 16:51,1,1101,1,1,1,1,,,,,,,,,,,,,,,,,,,,,,,,,,,,1,4,2,4,3,2,3,3,4,2,4,4,4,4,4,4,4,4,2,4,4,4,3,2,2,3,,,,,,,,,,,,,,,,,,,,,,,,,,,5,25,35,35,40,35,20,5,,,1,,1,,Thanks!,,,,,,,,,,,,,,,,,,,,,,,,,,,,,
R_2seLFUOB3sYkBKY,Default Response Set,Anonymous,,,0,6/3/2011 16:41,6/3/2011 16:52,1,1101,1,1,1,1,,,,,,,,,,,,,,,,,,,,,,,,,,,,,,,,,,,,,,,,,,,,,,,,,,,,,,1,4,2,4,4,3,4,4,4,3,4,4,4,4,3,4,4,4,3,4,4,3,3,3,3,3,25,25,25,25,25,25,25,25,,,1,,1,,,,,,,,,,,,,,,,,,,,,,,,,,,,,,,
R_3CWo7Lhk3yLSgEA,Default Response Set,Anonymous,,,0,6/3/2011 16:50,6/3/2011 16:57,1,1101,1,1,1,1,,,,,,,,,,,,,,,,,,,,,,,,,,,,,,,,,,,,,,,,,,,,,,,,,,,,,,1,3,2,3,2,3,3,2,4,4,4,3,3,2,3,4,3,3,2,3,3,2,2,1,1,3,25,25,25,25,25,25,25,25,,,1,,1,,,,,,,,,,,,,,,,,,,,,,,,,,,,,,,
R_1Ri3IkywxX0mfTm,Default Response Set,Anonymous,,,0,6/3/2011 16:53,6/3/2011 16:58,1,1101,1,1,1,1,,1,3,3,3,3,3,4,2,3,4,3,4,4,4,3,4,4,3,3,4,4,3,3,1,3,3,,,,,,,,,,,,,,,,,,,,,,,,,,,,,,,,,,,,,,,,,,,,,,,,,,,,,10,30,30,30,0,30,40,30,,,1,,1,,,,,,,,,,,,,,,,,,,,,,,,,,,,,,,
R_ezjm8gDDBbxMvTm,Default Response Set,Anonymous,,,0,6/3/2011 16:59,6/3/2011 17:07,1,1101,1,1,1,1,,,,,,,,,,,,,,,,,,,,,,,,,,,,,,,,,,,,,,,,,,,,,,,,,,,,,,1,3,2,2,3,2,3,2,3,3,2,3,3,3,2,4,2,3,2,2,3,2,2,2,2,2,20,22,27,31,25,25,25,25,,,1,,1,,,,,,,,,,,,,,,,,,,,,,,,,,,,,,,
R_9zbWZtWms0b4Zq4,Default Response Set,Anonymous,,,0,6/3/2011 17:03,6/3/2011 17:07,1,1101,1,1,1,1,,1,4,3,4,4,4,4,4,4,4,4,4,4,4,4,4,4,4,4,4,4,4,3,3,3,4,,,,,,,,,,,,,,,,,,,,,,,,,,,,,,,,,,,,,,,,,,,,,,,,,,,,,25,25,25,25,25,25,25,25,,,1,,1,,,,,,,,,,,,,,,,,,,,,,,,,,,,,,,
R_bOtQu4aHuSXJdS4,Default Response Set,Anonymous,,,0,6/3/2011 17:02,6/3/2011 17:08,1,1101,1,1,1,1,,,,,,,,,,,,,,,,,,,,,,,,,,,,1,2,2,3,3,2,2,3,4,2,3,2,3,2,3,3,2,3,2,3,2,3,2,1,3,2,,,,,,,,,,,,,,,,,,,,,,,,,,,30,10,20,40,10,10,30,50,,,1,,1,,Interesting study!,,,,,,,,,,,,,,,,,,,,,,,,,,,,,
R_1IgIRI7lApg2Z6s,Default Response Set,Anonymous,,,0,6/3/2011 17:17,6/3/2011 17:20,1,1101,1,1,1,1,,,,,,,,,,,,,,,,,,,,,,,,,,,,1,3,3,3,4,3,4,2,3,2,3,4,4,3,3,4,3,3,3,4,2,3,4,3,2,3,,,,,,,,,,,,,,,,,,,,,,,,,,,25,35,20,20,100,0,0,0,,,1,,1,,good survey ,,,,,,,,,,,,,,,,,,,,,,,,,,,,,
R_6XAA7zVPOr49gB6,Default Response Set,Anonymous,,,0,6/3/2011 17:17,6/3/2011 17:28,1,1101,1,1,1,1,,,,,,,,,,,,,,,,,,,,,,,,,,,,1,3,3,3,4,3,3,3,4,3,3,3,3,4,3,4,3,3,4,4,3,3,3,2,3,3,,,,,,,,,,,,,,,,,,,,,,,,,,,20,30,20,30,10,30,30,30,,,1,,1,,,,,,,,,,,,,,,,,,,,,,,,,,,,,,,
R_dn9NAyFMnzUo6vq,Default Response Set,Anonymous,,,0,6/3/2011 17:22,6/3/2011 17:29,1,1101,1,1,1,1,,,,,,,,,,,,,,,,,,,,,,,,,,,,,,,,,,,,,,,,,,,,,,,,,,,,,,1,3,2,3,2,2,3,3,3,3,3,3,3,3,3,4,3,4,2,3,2,3,2,2,2,3,10,20,30,40,20,20,30,30,,,1,,1,,,,,,,,,,,,,,,,,,,,,,,,,,,,,,,
R_blblO8T8HTtJ9mk,Default Response Set,Anonymous,,,0,6/3/2011 17:29,6/3/2011 17:35,1,1101,1,1,1,1,,1,3,2,3,2,3,3,3,3,3,4,4,3,3,3,4,3,3,2,3,4,2,3,1,1,3,,,,,,,,,,,,,,,,,,,,,,,,,,,,,,,,,,,,,,,,,,,,,,,,,,,,,30,10,50,10,10,20,40,30,,,1,,1,,,,,,,,,,,,,,,,,,,,,,,,,,,,,,,
R_bEgt6K2brdStxOs,Default Response Set,Anonymous,,,0,6/3/2011 17:35,6/3/2011 17:42,1,1101,1,1,1,1,,,,,,,,,,,,,,,,,,,,,,,,,,,,,,,,,,,,,,,,,,,,,,,,,,,,,,1,3,2,3,4,3,3,3,4,3,4,4,4,4,4,4,4,4,3,4,4,3,3,2,3,3,20,20,20,40,10,20,30,40,,,1,,1,,no,,,,,,,,,,,,,,,,,,,,,,,,,,,,,
R_514NiZklUCRrxcM,Default Response Set,Anonymous,,,0,6/3/2011 17:43,6/3/2011 17:49,1,1101,1,1,1,1,,1,4,2,3,3,2,2,2,3,2,3,2,3,3,3,3,3,2,2,3,1,2,2,1,1,3,,,,,,,,,,,,,,,,,,,,,,,,,,,,,,,,,,,,,,,,,,,,,,,,,,,,,25,25,25,25,25,25,25,25,,,1,,1,,NA,,,,,,,,,,,,,,,,,,,,,,,,,,,,,
R_2n9WLGZqkg8iz1q,Default Response Set,Anonymous,,,0,6/3/2011 17:47,6/3/2011 17:50,1,1101,1,1,1,1,,1,3,2,3,3,2,4,3,4,3,3,3,3,3,4,4,3,4,2,3,1,2,2,1,2,2,,,,,,,,,,,,,,,,,,,,,,,,,,,,,,,,,,,,,,,,,,,,,,,,,,,,,25,25,25,25,25,25,25,25,,,1,,1,,none! great survey!,,,,,,,,,,,,,,,,,,,,,,,,,,,,,
R_1I9eqySf1eh4x5G,Default Response Set,Anonymous,,,0,6/3/2011 17:46,6/3/2011 17:50,1,1101,1,1,1,1,,,,,,,,,,,,,,,,,,,,,,,,,,,,1,3,2,4,3,2,2,2,4,3,4,4,3,3,4,4,4,4,2,4,3,4,3,1,1,4,,,,,,,,,,,,,,,,,,,,,,,,,,,10,20,20,50,10,30,30,30,,,1,,1,,,,,,,,,,,,,,,,,,,,,,,,,,,,,,,
R_3pDvcFToeURBrbm,Default Response Set,Anonymous,,,0,6/3/2011 17:49,6/3/2011 17:53,1,1101,1,1,1,1,,,,,,,,,,,,,,,,,,,,,,,,,,,,1,4,2,3,3,4,4,2,4,3,3,4,4,3,3,4,4,3,3,3,3,3,3,2,2,3,,,,,,,,,,,,,,,,,,,,,,,,,,,20,30,30,20,10,10,20,60,,,1,,1,,,,,,,,,,,,,,,,,,,,,,,,,,,,,,,
R_8ifapKBm4L9zZ5i,Default Response Set,Anonymous,,,0,6/3/2011 17:49,6/3/2011 17:55,1,1101,1,1,1,1,,,,,,,,,,,,,,,,,,,,,,,,,,,,,,,,,,,,,,,,,,,,,,,,,,,,,,1,4,2,3,3,2,4,3,4,2,3,3,4,4,3,4,3,4,3,3,3,3,2,2,2,3,20,20,25,35,15,20,30,35,,,1,,1,,,,,,,,,,,,,,,,,,,,,,,,,,,,,,,
R_9BIUt1aTEwMfkPy,Default Response Set,Anonymous,,,0,6/3/2011 17:49,6/3/2011 17:59,1,1101,1,1,1,1,,,,,,,,,,,,,,,,,,,,,,,,,,,,,,,,,,,,,,,,,,,,,,,,,,,,,,1,4,3,4,4,3,3,4,3,3,2,3,3,4,3,3,4,4,3,4,3,3,4,3,4,3,20,25,25,30,25,25,25,25,,,1,,1,,"interesting survey, must say! ",,,,,,,,,,,,,,,,,,,,,,,,,,,,,
R_cSxT9fE31cY4naI,Default Response Set,Anonymous,,,0,6/3/2011 17:55,6/3/2011 18:00,1,1101,1,1,1,1,,,,,,,,,,,,,,,,,,,,,,,,,,,,1,3,2,3,3,3,3,3,3,3,4,4,4,3,3,4,4,4,2,4,4,3,3,1,2,3,,,,,,,,,,,,,,,,,,,,,,,,,,,25,25,25,25,25,25,25,25,,,1,,1,,,,,,,,,,,,,,,,,,,,,,,,,,,,,,,
R_6EvRvdeYvEcgf2s,Default Response Set,Anonymous,,,0,6/3/2011 18:06,6/3/2011 18:10,1,1101,1,1,1,1,,1,4,3,3,3,3,3,3,4,3,3,3,4,3,4,4,4,4,3,3,4,3,3,2,2,3,,,,,,,,,,,,,,,,,,,,,,,,,,,,,,,,,,,,,,,,,,,,,,,,,,,,,30,15,25,30,20,25,25,30,,,1,,1,,,,,,,,,,,,,,,,,,,,,,,,,,,,,,,
R_0DhLtA4HgNI1fes,Default Response Set,Anonymous,,,0,6/3/2011 18:09,6/3/2011 18:23,1,1101,1,1,1,1,,,,,,,,,,,,,,,,,,,,,,,,,,,,1,4,1,3,1,1,2,2,4,2,2,3,3,1,3,4,2,3,2,4,4,3,2,1,2,2,,,,,,,,,,,,,,,,,,,,,,,,,,,10,20,35,35,15,15,35,35,,,1,,1,,,,,,,,,,,,,,,,,,,,,,,,,,,,,,,
R_bscDCu12NyJSRg0,Default Response Set,Anonymous,,,0,6/3/2011 18:18,6/3/2011 18:23,1,1101,1,1,1,1,,1,3,2,3,3,3,3,3,3,3,3,4,4,4,4,4,4,4,3,4,4,3,3,2,2,3,,,,,,,,,,,,,,,,,,,,,,,,,,,,,,,,,,,,,,,,,,,,,,,,,,,,,25,25,25,25,25,25,25,25,,,1,,1,,none..,,,,,,,,,,,,,,,,,,,,,,,,,,,,,
R_3yYRGL3WPXdkuZ6,Default Response Set,Anonymous,,,0,6/3/2011 18:21,6/3/2011 18:28,1,1101,1,1,1,1,,,,,,,,,,,,,,,,,,,,,,,,,,,,,,,,,,,,,,,,,,,,,,,,,,,,,,1,3,2,2,3,3,3,2,4,2,4,3,4,3,3,4,4,4,3,3,4,3,2,1,2,3,5,15,30,50,15,20,25,40,,,1,,1,,"Thank you for allowing me to participate.  Thanks for paying me, too.",,,,,,,,,,,,,,,,,,,,,,,,,,,,,
R_4Vj1Z9H3ltPETEU,Default Response Set,Anonymous,,,0,6/3/2011 18:30,6/3/2011 18:42,1,1101,1,1,1,1,,1,3,1,3,2,3,2,2,2,3,3,3,3,3,3,4,3,3,2,3,3,2,1,1,3,2,,,,,,,,,,,,,,,,,,,,,,,,,,,,,,,,,,,,,,,,,,,,,,,,,,,,,25,25,25,25,20,20,20,40,,,1,,1,,,,,,,,,,,,,,,,,,,,,,,,,,,,,,,
R_8BrvwIIlXnvmKuU,Default Response Set,Anonymous,,,0,6/3/2011 18:44,6/3/2011 18:52,1,1101,1,1,,,1,,,,,,,,,,,,,,,,,,,,,,,,,,,,,,,,,,,,,,,,,,,,,,,,,,,,,1,3,2,2,3,4,1,2,2,1,3,3,3,1,2,3,2,2,1,4,3,4,2,3,3,1,25,25,25,25,15,25,25,35,1,,,,,,,,,,,,,,,,,,,,,,,,,,,,,,,,,,,
R_6xmnS6TG8P8x9vm,Default Response Set,Anonymous,,,0,6/3/2011 18:35,6/3/2011 18:53,1,1101,1,1,1,1,,,,,,,,,,,,,,,,,,,,,,,,,,,,1,4,2,3,4,3,3,3,4,3,3,4,3,3,3,4,4,4,3,3,1,4,1,1,3,4,,,,,,,,,,,,,,,,,,,,,,,,,,,25,25,25,25,25,25,25,25,,,1,,1,,,,,,,,,,,,,,,,,,,,,,,,,,,,,,,
R_7aio1rygkxndBqc,Default Response Set,Anonymous,,,0,6/3/2011 19:10,6/3/2011 19:17,1,1101,1,1,1,1,,,,,,,,,,,,,,,,,,,,,,,,,,,,1,3,2,4,3,2,4,3,4,1,4,4,4,4,4,4,4,4,3,4,1,3,1,1,2,4,,,,,,,,,,,,,,,,,,,,,,,,,,,10,10,20,60,5,5,30,60,,,1,,1,,,,,,,,,,,,,,,,,,,,,,,,,,,,,,,
R_29rgpqwZW32NAkQ,Default Response Set,Anonymous,,,0,6/3/2011 19:15,6/3/2011 19:21,1,1101,1,1,1,1,,1,3,1,3,1,4,4,3,3,3,3,4,4,4,3,4,3,4,3,4,2,2,2,1,1,3,,,,,,,,,,,,,,,,,,,,,,,,,,,,,,,,,,,,,,,,,,,,,,,,,,,,,25,25,25,25,10,25,30,35,,,1,,1,,,,,,,,,,,,,,,,,,,,,,,,,,,,,,,
R_0p6oH1gvaodKCAA,Default Response Set,Anonymous,,,0,6/3/2011 19:15,6/3/2011 19:28,1,1101,1,1,1,1,,,,,,,,,,,,,,,,,,,,,,,,,,,,,,,,,,,,,,,,,,,,,,,,,,,,,,1,2,1,1,2,2,2,1,4,1,3,3,1,3,2,3,3,2,2,3,3,2,1,1,1,2,25,25,15,35,15,20,25,40,,,1,,1,,,,,,,,,,,,,,,,,,,,,,,,,,,,,,,
R_1YRYn9yxj8xTv36,Default Response Set,Anonymous,,,0,6/3/2011 19:28,6/3/2011 19:35,1,1101,1,1,1,1,,,,,,,,,,,,,,,,,,,,,,,,,,,,,,,,,,,,,,,,,,,,,,,,,,,,,,1,3,2,3,4,3,3,3,4,3,4,4,3,4,4,4,4,4,3,4,3,3,2,2,3,3,15,25,30,30,10,15,50,25,,,1,,1,,,,,,,,,,,,,,,,,,,,,,,,,,,,,,,
R_3gDO50JMhjnbKK0,Default Response Set,Anonymous,,,0,6/3/2011 19:51,6/3/2011 19:56,1,1101,1,1,1,1,,1,3,2,2,3,2,3,2,3,1,3,2,2,2,2,3,2,2,2,3,1,3,3,1,2,3,,,,,,,,,,,,,,,,,,,,,,,,,,,,,,,,,,,,,,,,,,,,,,,,,,,,,25,25,25,25,25,25,25,25,,,1,,1,,,,,,,,,,,,,,,,,,,,,,,,,,,,,,,
R_b9DXkwWUnWd5kXi,Default Response Set,Anonymous,,,0,6/3/2011 20:01,6/3/2011 20:09,1,1101,1,1,1,1,,1,4,2,3,4,4,2,2,3,4,4,4,4,3,1,3,1,3,1,4,4,4,2,4,4,2,,,,,,,,,,,,,,,,,,,,,,,,,,,,,,,,,,,,,,,,,,,,,,,,,,,,,10,10,30,50,10,10,30,50,,,1,,1,,,,,,,,,,,,,,,,,,,,,,,,,,,,,,,
R_cC5xVDQnvDFPIby,Default Response Set,Anonymous,,,0,6/3/2011 19:59,6/3/2011 20:11,1,1101,1,1,1,1,,,,,,,,,,,,,,,,,,,,,,,,,,,,1,2,1,2,3,3,4,3,4,3,4,3,3,4,4,4,4,4,2,3,3,3,1,1,1,4,,,,,,,,,,,,,,,,,,,,,,,,,,,30,15,15,40,10,20,20,50,,,1,,1,,,,,,,,,,,,,,,,,,,,,,,,,,,,,,,
R_0uereBhFsCSiKr2,Default Response Set,Anonymous,,,0,6/3/2011 20:40,6/3/2011 20:47,1,1101,1,1,1,1,1,,,,,,,,,,,,,,,,,,,,,,,,,,,1,2,1,2,2,2,2,2,3,2,3,3,3,3,2,4,3,3,2,3,3,2,2,1,1,2,,,,,,,,,,,,,,,,,,,,,,,,,,,10,30,30,30,25,25,25,25,,,1,,1,,,,,,,,,,,,,,,,,,,,,,,,,,,,,,,
R_0AObgIt2Dp7cvI0,Default Response Set,Anonymous,,,0,6/3/2011 20:32,6/3/2011 20:48,1,1101,1,1,1,1,,,,,,,,,,,,,,,,,,,,,,,,,,,,,,,,,,,,,,,,,,,,,,,,,,,,,,1,3,2,3,3,3,3,3,3,3,3,4,3,3,3,4,3,3,3,4,3,3,2,2,2,3,25,25,25,25,25,25,25,25,,,1,,1,,VERY INTERESTING SURVEY   :),,,,,,,,,,,,,,,,,,,,,,,,,,,,,
R_51q2pdhxvgrn3eI,Default Response Set,Anonymous,,,0,6/3/2011 20:41,6/3/2011 20:51,1,1101,1,1,1,1,,1,3,2,4,3,3,3,3,4,3,3,3,4,4,3,4,3,4,3,4,3,2,2,2,2,3,,,,,,,,,,,,,,,,,,,,,,,,,,,,,,,,,,,,,,,,,,,,,,,,,,,,,20,20,25,35,25,25,25,25,,,1,,1,,,,,,,,,,,,,,,,,,,,,,,,,,,,,,,
R_1RBXmj3VDOH1DLK,Default Response Set,Anonymous,,,0,6/3/2011 20:49,6/3/2011 20:58,1,1101,1,1,1,1,,,,,,,,,,,,,,,,,,,,,,,,,,,,,,,,,,,,,,,,,,,,,,,,,,,,,,1,1,1,2,3,1,4,3,4,1,3,3,2,3,3,4,3,3,3,2,2,2,1,1,3,3,30,20,10,40,30,30,30,10,,,1,,1,,,,,,,,,,,,,,,,,,,,,,,,,,,,,,,
R_a2w9ePl6uHw9NxW,Default Response Set,Anonymous,,,0,6/3/2011 21:05,6/3/2011 21:15,1,1101,1,1,1,1,,,,,,,,,,,,,,,,,,,,,,,,,,,,,,,,,,,,,,,,,,,,,,,,,,,,,,1,2,3,3,3,3,2,2,3,2,4,2,3,2,2,3,4,3,3,3,2,3,1,2,4,3,10,30,20,40,10,30,20,40,,,1,,1,,,,,,,,,,,,,,,,,,,,,,,,,,,,,,,
R_cvaBJJS4pXexOOU,Default Response Set,Anonymous,,,0,6/3/2011 21:51,6/3/2011 21:55,1,1101,1,1,,,1,1,3,1,2,4,1,3,3,4,1,3,3,2,4,3,4,3,3,4,2,1,3,1,1,2,3,,,,,,,,,,,,,,,,,,,,,,,,,,,,,,,,,,,,,,,,,,,,,,,,,,,,,20,20,20,40,30,30,20,20,,,1,,,,,,,,,,,,,,,,,,,,,,,,,,,,,,,,,
R_3IblUzvFMognOlK,Default Response Set,Anonymous,,,0,6/3/2011 22:02,6/3/2011 22:08,1,1101,1,1,1,1,,,,,,,,,,,,,,,,,,,,,,,,,,,,1,3,3,3,3,3,4,3,3,3,4,4,4,3,3,4,3,3,3,4,4,3,3,2,2,3,,,,,,,,,,,,,,,,,,,,,,,,,,,25,25,25,25,15,20,30,35,,,1,,1,,,,,,,,,,,,,,,,,,,,,,,,,,,,,,,
R_9X0IK0GPfUeFLSI,Default Response Set,Anonymous,,,0,6/3/2011 22:07,6/3/2011 22:12,1,1101,1,1,1,1,,,,,,,,,,,,,,,,,,,,,,,,,,,,,,,,,,,,,,,,,,,,,,,,,,,,,,1,3,1,2,2,1,2,2,4,2,3,3,3,2,3,4,3,2,1,3,2,3,2,1,1,3,25,25,25,25,20,20,30,30,,,1,,1,,,,,,,,,,,,,,,,,,,,,,,,,,,,,,,
R_bNkohVjHEutPJOc,Default Response Set,Anonymous,,,0,6/3/2011 22:15,6/3/2011 22:21,1,1101,1,1,1,1,,1,4,2,4,3,3,3,2,3,4,3,4,4,3,3,4,3,4,3,4,4,3,3,2,2,2,,,,,,,,,,,,,,,,,,,,,,,,,,,,,,,,,,,,,,,,,,,,,,,,,,,,,25,25,25,25,25,25,25,25,,,1,,1,,,,,,,,,,,,,,,,,,,,,,,,,,,,,,,
R_cLVyNBdBj4E8Glm,Default Response Set,Anonymous,,,0,6/3/2011 22:20,6/3/2011 22:26,1,1101,1,1,1,1,,,,,,,,,,,,,,,,,,,,,,,,,,,,1,4,2,2,4,3,3,3,4,1,3,4,4,3,3,4,3,3,2,3,1,2,3,3,2,3,,,,,,,,,,,,,,,,,,,,,,,,,,,10,10,20,60,80,5,5,10,,,1,,1,,Very thought provoking.,,,,,,,,,,,,,,,,,,,,,,,,,,,,,
R_1BsOAXpR1Kc2pnK,Default Response Set,Anonymous,,,0,6/3/2011 22:18,6/3/2011 22:30,1,1101,1,1,1,1,,,,,,,,,,,,,,,,,,,,,,,,,,,,,,,,,,,,,,,,,,,,,,,,,,,,,,1,3,2,3,3,3,3,2,4,3,3,3,3,3,3,4,3,3,2,3,3,3,3,1,2,3,15,25,25,35,10,10,45,35,,,1,,1,,,,,,,,,,,,,,,,,,,,,,,,,,,,,,,
R_50c1u4WaNNNjfco,Default Response Set,Anonymous,,,0,6/3/2011 22:24,6/3/2011 22:35,1,1101,1,1,1,1,,,,,,,,,,,,,,,,,,,,,,,,,,,,1,1,1,1,3,2,2,1,3,2,1,3,2,3,2,4,2,4,2,3,2,1,1,1,1,2,,,,,,,,,,,,,,,,,,,,,,,,,,,30,20,20,30,40,10,20,30,,,1,,1,,N/A,,,,,,,,,,,,,,,,,,,,,,,,,,,,,
R_dh5KVrWRURVkKOM,Default Response Set,Anonymous,,,0,6/3/2011 22:36,6/3/2011 22:42,1,1101,1,1,1,1,,1,4,3,4,4,3,4,3,3,4,4,4,4,4,4,4,4,4,3,4,4,4,3,2,2,4,,,,,,,,,,,,,,,,,,,,,,,,,,,,,,,,,,,,,,,,,,,,,,,,,,,,,20,25,25,30,20,20,30,30,,,1,,1,,,,,,,,,,,,,,,,,,,,,,,,,,,,,,,
R_9MEnoDG6m17SEcI,Default Response Set,Anonymous,,,0,6/3/2011 22:41,6/3/2011 22:59,1,1101,1,1,1,1,,1,3,2,3,3,3,3,3,4,1,3,3,4,3,4,4,4,4,3,4,2,3,2,1,2,3,,,,,,,,,,,,,,,,,,,,,,,,,,,,,,,,,,,,,,,,,,,,,,,,,,,,,20,20,25,35,20,20,25,35,,,1,,1,,,,,,,,,,,,,,,,,,,,,,,,,,,,,,,
R_0PzwPGlO9A4aaB6,Default Response Set,Anonymous,,,0,6/3/2011 23:28,6/3/2011 23:31,1,1101,1,1,1,1,,,,,,,,,,,,,,,,,,,,,,,,,,,,,,,,,,,,,,,,,,,,,,,,,,,,,,1,3,2,3,4,2,3,3,4,3,3,4,3,3,3,4,4,4,3,3,2,3,2,2,3,3,25,25,25,25,25,25,25,25,,,1,,1,,,,,,,,,,,,,,,,,,,,,,,,,,,,,,,
R_d6YdLF9n6tAVL12,Default Response Set,Anonymous,,,0,6/3/2011 23:23,6/3/2011 23:34,1,1101,1,1,1,1,,,,,,,,,,,,,,,,,,,,,,,,,,,,1,3,2,3,3,3,3,3,3,3,3,3,3,3,3,4,3,3,3,4,3,3,2,2,2,3,,,,,,,,,,,,,,,,,,,,,,,,,,,25,25,25,25,10,35,35,20,,,1,,1,,,,,,,,,,,,,,,,,,,,,,,,,,,,,,,
R_3z6fjltQQwgQuJm,Default Response Set,Anonymous,,,0,6/3/2011 23:44,6/3/2011 23:51,1,1101,1,1,1,1,,,,,,,,,,,,,,,,,,,,,,,,,,,,,,,,,,,,,,,,,,,,,,,,,,,,,,1,3,2,3,3,2,3,3,3,2,3,4,3,3,2,3,3,3,3,4,3,3,2,1,2,3,25,25,25,25,25,25,25,25,,,1,,1,,,,,,,,,,,,,,,,,,,,,,,,,,,,,,,
R_1RgnUoqGyz2hpvS,Default Response Set,Anonymous,,,0,6/4/2011 0:26,6/4/2011 0:36,1,1101,1,1,1,1,,,,,,,,,,,,,,,,,,,,,,,,,,,,1,3,1,2,1,4,3,2,2,2,2,4,3,4,3,4,4,2,2,4,1,2,2,1,3,3,,,,,,,,,,,,,,,,,,,,,,,,,,,10,15,30,45,10,14,33,43,,,1,,1,,,,,,,,,,,,,,,,,,,,,,,,,,,,,,,
R_8ImB5LKSh65rwCE,Default Response Set,Anonymous,,,0,6/4/2011 0:47,6/4/2011 0:54,1,1101,1,1,1,1,,1,3,2,3,4,3,3,2,4,2,3,3,3,3,2,4,4,3,2,3,3,2,2,2,2,2,,,,,,,,,,,,,,,,,,,,,,,,,,,,,,,,,,,,,,,,,,,,,,,,,,,,,40,10,10,40,25,15,25,35,1,,,,,,,,,,,,,,,,,,,,,,,,,,,,,,,,,,,
R_d5PPKCNXLwAVbZG,Default Response Set,Anonymous,,,0,6/4/2011 0:55,6/4/2011 0:59,1,1101,1,1,,,1,,,,,,,,,,,,,,,,,,,,,,,,,,,,,,,,,,,,,,,,,,,,,,,,,,,,,1,4,1,4,2,3,3,2,3,2,3,4,4,4,4,4,4,3,3,4,1,1,1,1,3,2,20,30,30,20,30,20,25,25,,1,,,,,,,,,,,,,,,,,,,,,,,,,,,,,,,,,,
R_0VBZFPIaHfsMxSs,Default Response Set,Anonymous,,,0,6/4/2011 0:56,6/4/2011 1:02,1,1101,1,1,1,1,,1,4,2,4,3,4,4,3,4,4,4,4,4,4,3,4,4,4,3,4,4,3,2,2,1,3,,,,,,,,,,,,,,,,,,,,,,,,,,,,,,,,,,,,,,,,,,,,,,,,,,,,,25,25,25,25,25,10,35,30,,,1,,1,,,,,,,,,,,,,,,,,,,,,,,,,,,,,,,
R_8vxNVvbJOaa7UIA,Default Response Set,Anonymous,,,0,6/4/2011 1:15,6/4/2011 1:22,1,1101,1,1,1,1,,,,,,,,,,,,,,,,,,,,,,,,,,,,1,3,2,3,2,3,3,2,3,3,3,3,3,3,3,4,3,3,2,3,3,3,2,2,2,1,,,,,,,,,,,,,,,,,,,,,,,,,,,25,25,25,25,15,20,30,35,,,1,,1,,,,,,,,,,,,,,,,,,,,,,,,,,,,,,,
R_beyvU1ued1FLUMs,Default Response Set,Anonymous,,,0,6/4/2011 1:20,6/4/2011 1:34,1,1101,1,1,1,1,,,,,,,,,,,,,,,,,,,,,,,,,,,,1,3,2,3,4,2,2,3,4,2,4,4,3,3,4,4,3,2,2,2,1,1,3,1,2,2,,,,,,,,,,,,,,,,,,,,,,,,,,,5,55,25,15,5,65,20,10,,,1,,1,,,,,,,,,,,,,,,,,,,,,,,,,,,,,,,
R_1AGpNm0RM3hba7y,Default Response Set,Anonymous,,,0,6/4/2011 1:28,6/4/2011 1:36,1,1101,1,1,1,1,,,,,,,,,,,,,,,,,,,,,,,,,,,,,,,,,,,,,,,,,,,,,,,,,,,,,,1,4,3,3,4,3,4,2,4,4,4,4,4,3,4,4,4,3,3,4,3,4,3,2,2,4,25,15,20,40,35,25,20,20,,,1,,1,,,,,,,,,,,,,,,,,,,,,,,,,,,,,,,
R_9Fg7P2ys7c4dUIQ,Default Response Set,Anonymous,,,0,6/4/2011 1:36,6/4/2011 1:42,1,1101,1,1,1,1,,1,3,3,3,3,3,4,3,4,2,4,4,3,4,3,4,3,3,3,3,2,3,2,2,1,3,,,,,,,,,,,,,,,,,,,,,,,,,,,,,,,,,,,,,,,,,,,,,,,,,,,,,25,20,20,35,10,15,30,45,,,1,,1,,,,,,,,,,,,,,,,,,,,,,,,,,,,,,,
R_dgaSsVUqT0AmPrK,Default Response Set,Anonymous,,,0,6/4/2011 1:52,6/4/2011 1:56,1,1101,1,1,1,1,,,,,,,,,,,,,,,,,,,,,,,,,,,,1,3,2,3,4,2,3,3,3,2,3,3,3,3,3,4,3,3,3,3,2,3,2,2,3,3,,,,,,,,,,,,,,,,,,,,,,,,,,,10,20,20,50,20,20,20,40,,,1,,1,,,,,,,,,,,,,,,,,,,,,,,,,,,,,,,
R_6W4RcnKJHSPtJOY,Default Response Set,Anonymous,,,0,6/4/2011 3:22,6/4/2011 3:27,1,1101,1,1,1,1,,1,3,2,3,3,1,2,3,4,2,3,3,3,4,3,3,3,3,2,2,2,3,3,2,1,2,,,,,,,,,,,,,,,,,,,,,,,,,,,,,,,,,,,,,,,,,,,,,,,,,,,,,25,25,25,25,50,20,20,10,,,1,,1,,,,,,,,,,,,,,,,,,,,,,,,,,,,,,,
R_a46pMOREZTninSA,Default Response Set,Anonymous,,,0,6/4/2011 5:06,6/4/2011 5:27,1,1101,1,1,1,1,,,,,,,,,,,,,,,,,,,,,,,,,,,,,,,,,,,,,,,,,,,,,,,,,,,,,,1,2,1,2,3,1,3,3,4,1,2,2,2,2,3,3,3,3,4,3,1,2,2,1,1,2,20,15,30,35,35,30,20,15,,,1,,1,,,,,,,,,,,,,,,,,,,,,,,,,,,,,,,
R_4HLmEP1rLpBVCra,Default Response Set,Anonymous,,,0,6/4/2011 6:23,6/4/2011 6:36,1,1101,1,1,1,1,,,,,,,,,,,,,,,,,,,,,,,,,,,,1,3,2,2,4,3,3,1,3,1,3,4,3,3,3,4,3,3,1,4,3,3,2,2,2,3,,,,,,,,,,,,,,,,,,,,,,,,,,,35,15,15,35,20,24,26,30,,,1,,1,,,,,,,,,,,,,,,,,,,,,,,,,,,,,,,
R_9YMydFtiImQ8NV2,Default Response Set,Anonymous,,,0,6/4/2011 6:48,6/4/2011 6:55,1,1101,1,1,1,1,,1,3,1,2,4,1,4,3,4,1,4,2,2,4,3,4,4,3,4,2,1,4,1,1,3,3,,,,,,,,,,,,,,,,,,,,,,,,,,,,,,,,,,,,,,,,,,,,,,,,,,,,,30,10,10,50,13,12,30,45,,,1,,1,,,,,,,,,,,,,,,,,,,,,,,,,,,,,,,
R_a4SBxMNBZ37cTeA,Default Response Set,Anonymous,,,0,6/4/2011 7:19,6/4/2011 7:25,1,1101,1,1,1,1,,1,3,2,2,2,4,3,2,2,4,2,4,4,2,2,4,2,3,2,4,4,3,2,2,3,2,,,,,,,,,,,,,,,,,,,,,,,,,,,,,,,,,,,,,,,,,,,,,,,,,,,,,10,30,40,20,5,25,30,40,,,1,,1,,no,,,,,,,,,,,,,,,,,,,,,,,,,,,,,
R_819RDO0hAOINuok,Default Response Set,Anonymous,,,0,6/4/2011 8:18,6/4/2011 8:23,1,1101,1,1,1,1,,,,,,,,,,,,,,,,,,,,,,,,,,,,1,4,3,3,3,4,3,3,4,3,4,4,3,4,3,4,3,4,3,4,4,3,3,2,2,3,,,,,,,,,,,,,,,,,,,,,,,,,,,25,25,25,25,25,25,25,25,,,1,,1,,,,,,,,,,,,,,,,,,,,,,,,,,,,,,,
R_0rq8H3AePw2R6Ly,Default Response Set,Anonymous,,,0,6/4/2011 8:18,6/4/2011 8:29,1,1101,1,1,1,1,,,,,,,,,,,,,,,,,,,,,,,,,,,,,,,,,,,,,,,,,,,,,,,,,,,,,,1,3,1,3,3,3,3,2,4,2,4,3,4,4,3,4,4,4,3,4,3,3,2,1,2,3,20,25,25,30,20,20,25,35,,,1,,1,,,,,,,,,,,,,,,,,,,,,,,,,,,,,,,
R_0MxxJcp3NchgsLO,Default Response Set,Anonymous,,,0,6/4/2011 8:31,6/4/2011 8:36,1,1101,1,1,1,1,,1,3,2,3,3,4,3,3,4,3,3,4,3,4,3,4,3,4,3,4,2,3,2,1,2,3,,,,,,,,,,,,,,,,,,,,,,,,,,,,,,,,,,,,,,,,,,,,,,,,,,,,,20,20,20,40,20,20,25,35,,,1,,1,,,,,,,,,,,,,,,,,,,,,,,,,,,,,,,
R_79cNo8yZwk2ftUE,Default Response Set,Anonymous,,,0,6/4/2011 8:40,6/4/2011 8:42,1,1101,1,1,1,1,,,,,,,,,,,,,,,,,,,,,,,,,,,,1,3,3,4,3,4,4,3,4,4,4,4,3,4,3,4,4,4,3,4,4,3,2,3,3,3,,,,,,,,,,,,,,,,,,,,,,,,,,,15,20,25,40,25,25,25,25,,,1,,1,,,,,,,,,,,,,,,,,,,,,,,,,,,,,,,
R_3dF6PgYCP1OCGYk,Default Response Set,Anonymous,,,0,6/4/2011 8:43,6/4/2011 8:49,1,1101,1,1,1,1,,1,3,2,3,3,3,3,3,3,2,3,4,3,3,3,4,3,4,2,3,2,2,2,2,2,3,,,,,,,,,,,,,,,,,,,,,,,,,,,,,,,,,,,,,,,,,,,,,,,,,,,,,10,20,20,50,30,30,20,20,,,1,,1,,,,,,,,,,,,,,,,,,,,,,,,,,,,,,,
R_4HLgvnQUpzfBmEA,Default Response Set,Anonymous,,,0,6/4/2011 9:09,6/4/2011 9:15,1,1101,1,1,1,1,,,,,,,,,,,,,,,,,,,,,,,,,,,,,,,,,,,,,,,,,,,,,,,,,,,,,,1,3,2,3,3,3,3,3,3,2,3,4,3,3,3,4,3,3,3,3,3,3,2,2,2,3,23,24,25,28,23,24,25,28,,,1,,1,,,,,,,,,,,,,,,,,,,,,,,,,,,,,,,
R_72SrRFbKY9pcg6g,Default Response Set,Anonymous,,,0,6/4/2011 9:13,6/4/2011 9:18,1,1101,1,1,1,1,,,,,,,,,,,,,,,,,,,,,,,,,,,,1,3,2,3,2,3,3,2,3,3,3,3,3,3,3,4,3,3,2,4,2,2,2,1,1,3,,,,,,,,,,,,,,,,,,,,,,,,,,,10,20,20,50,20,10,10,60,,,1,,1,,,,,,,,,,,,,,,,,,,,,,,,,,,,,,,
R_bw78O6jvYc4XtZO,Default Response Set,Anonymous,,,0,6/4/2011 9:37,6/4/2011 9:44,1,1101,1,1,1,1,,1,3,2,3,3,3,3,3,4,3,3,4,3,3,3,4,3,3,2,3,4,2,3,2,1,3,,,,,,,,,,,,,,,,,,,,,,,,,,,,,,,,,,,,,,,,,,,,,,,,,,,,,25,25,25,25,20,20,25,35,,,1,,1,,,,,,,,,,,,,,,,,,,,,,,,,,,,,,,
R_5ndoSZobNW6HkkA,Default Response Set,Anonymous,,,0,6/4/2011 10:03,6/4/2011 10:09,1,1101,1,1,1,1,,,,,,,,,,,,,,,,,,,,,,,,,,,,1,3,2,3,3,3,3,2,4,3,3,3,4,3,3,4,3,3,2,3,3,3,2,1,2,3,,,,,,,,,,,,,,,,,,,,,,,,,,,25,25,25,25,25,25,25,25,,,1,,1,,,,,,,,,,,,,,,,,,,,,,,,,,,,,,,
R_ezEZHHM42HTGoKg,Default Response Set,Anonymous,,,0,6/4/2011 10:08,6/4/2011 10:20,1,1101,1,1,1,1,,,,,,,,,,,,,,,,,,,,,,,,,,,,,,,,,,,,,,,,,,,,,,,,,,,,,,1,3,2,2,3,2,3,2,4,2,3,3,2,2,3,3,2,3,2,3,2,3,2,2,2,3,25,25,25,25,20,25,25,30,,,1,,1,,I wish there were more degrees between the options.  Like a scale of 1-10.,,,,,,,,,,,,,,,,,,,,,,,,,,,,,
R_cu2eeZJHOvHH3SY,Default Response Set,Anonymous,,,0,6/4/2011 10:15,6/4/2011 10:20,1,1101,1,1,1,1,,1,3,2,3,3,3,4,2,3,2,4,3,3,3,3,4,4,3,2,4,4,3,2,2,2,2,,,,,,,,,,,,,,,,,,,,,,,,,,,,,,,,,,,,,,,,,,,,,,,,,,,,,30,15,15,40,30,30,30,10,,,1,,1,,,,,,,,,,,,,,,,,,,,,,,,,,,,,,,
R_3sfN1kec07e7mvO,Default Response Set,Anonymous,,,0,6/4/2011 10:16,6/4/2011 10:21,1,1101,1,1,1,1,,1,3,2,3,3,3,3,3,4,2,4,4,4,3,4,4,4,4,2,4,3,3,2,2,2,3,,,,,,,,,,,,,,,,,,,,,,,,,,,,,,,,,,,,,,,,,,,,,,,,,,,,,10,15,25,50,15,15,25,45,,,1,,1,,,,,,,,,,,,,,,,,,,,,,,,,,,,,,,
R_3mebUulENH9yoBu,Default Response Set,Anonymous,,,0,6/4/2011 10:20,6/4/2011 10:24,1,1101,1,1,1,1,,,,,,,,,,,,,,,,,,,,,,,,,,,,,,,,,,,,,,,,,,,,,,,,,,,,,,1,4,2,3,4,2,3,2,4,3,3,4,4,4,3,4,3,4,2,4,3,3,2,2,2,3,25,10,15,50,10,10,30,50,,,1,,1,,no,,,,,,,,,,,,,,,,,,,,,,,,,,,,,
R_3QzemeyWnCWRxhW,Default Response Set,Anonymous,,,0,6/4/2011 10:31,6/4/2011 10:36,1,1101,1,1,1,1,,,,,,,,,,,,,,,,,,,,,,,,,,,,1,3,1,2,4,1,3,3,4,1,3,3,1,4,3,4,2,3,3,3,2,3,2,1,3,2,,,,,,,,,,,,,,,,,,,,,,,,,,,20,40,30,10,15,25,40,20,,,1,,1,,,,,,,,,,,,,,,,,,,,,,,,,,,,,,,
R_eaCnH2PCbfZOUAs,Default Response Set,Anonymous,,,0,6/4/2011 10:30,6/4/2011 10:38,1,1101,1,1,1,1,,1,4,2,3,3,4,3,3,4,3,3,3,3,3,3,4,4,4,2,4,3,3,2,1,2,3,,,,,,,,,,,,,,,,,,,,,,,,,,,,,,,,,,,,,,,,,,,,,,,,,,,,,25,20,20,35,25,25,25,25,,,1,,1,,,,,,,,,,,,,,,,,,,,,,,,,,,,,,,
R_1BsMtCGYiiLMBLK,Default Response Set,Anonymous,,,0,6/4/2011 11:00,6/4/2011 11:05,1,1101,1,1,1,1,,,,,,,,,,,,,,,,,,,,,,,,,,,,1,3,2,3,3,3,3,3,4,3,4,3,3,3,3,4,3,3,3,4,4,3,2,1,3,3,,,,,,,,,,,,,,,,,,,,,,,,,,,25,25,25,25,25,25,25,25,,,1,,1,,,,,,,,,,,,,,,,,,,,,,,,,,,,,,,
R_1Ybkeg0YrZ9JQrO,Default Response Set,Anonymous,,,0,6/4/2011 11:01,6/4/2011 11:07,1,1101,1,1,1,1,,,,,,,,,,,,,,,,,,,,,,,,,,,,,,,,,,,,,,,,,,,,,,,,,,,,,,1,3,1,3,3,1,2,2,3,3,3,3,2,1,1,4,3,2,3,3,4,3,1,2,2,3,25,25,25,25,25,25,25,25,,,1,,1,,,,,,,,,,,,,,,,,,,,,,,,,,,,,,,
R_881bfbVKSZQeMuw,Default Response Set,Anonymous,,,0,6/4/2011 11:15,6/4/2011 11:20,1,1101,1,1,1,1,,1,4,2,3,2,3,3,4,3,3,3,4,3,3,3,4,3,3,3,4,3,2,2,1,2,2,,,,,,,,,,,,,,,,,,,,,,,,,,,,,,,,,,,,,,,,,,,,,,,,,,,,,25,25,25,25,20,20,30,30,,,1,,1,,,,,,,,,,,,,,,,,,,,,,,,,,,,,,,
R_cHp08yg72JGr0ji,Default Response Set,Anonymous,,,0,6/4/2011 11:16,6/4/2011 11:21,1,1101,1,1,1,1,,,,,,,,,,,,,,,,,,,,,,,,,,,,1,4,3,3,3,3,3,3,4,3,3,4,4,4,3,4,3,4,3,4,3,3,3,2,3,3,,,,,,,,,,,,,,,,,,,,,,,,,,,20,25,25,30,10,25,30,35,,,1,,1,,,,,,,,,,,,,,,,,,,,,,,,,,,,,,,
R_2aylNQfmIaVjHLe,Default Response Set,Anonymous,,,0,6/4/2011 11:18,6/4/2011 11:22,1,1101,1,1,1,1,,1,3,2,3,3,3,4,3,3,3,3,3,3,3,3,4,3,3,3,3,3,3,2,2,2,3,,,,,,,,,,,,,,,,,,,,,,,,,,,,,,,,,,,,,,,,,,,,,,,,,,,,,20,20,20,40,20,20,20,40,,,1,,1,,,,,,,,,,,,,,,,,,,,,,,,,,,,,,,
R_9vEGm3lN1cWmJAU,Default Response Set,Anonymous,,,0,6/4/2011 11:17,6/4/2011 11:24,1,1101,1,1,1,1,,,,,,,,,,,,,,,,,,,,,,,,,,,,,,,,,,,,,,,,,,,,,,,,,,,,,,1,3,1,3,3,4,3,4,4,3,4,4,4,3,3,4,4,4,2,4,3,3,2,1,2,3,25,25,25,25,15,15,20,50,,,1,,1,,,,,,,,,,,,,,,,,,,,,,,,,,,,,,,
R_6WE1XW1cpd4SjT6,Default Response Set,Anonymous,,,0,6/4/2011 11:36,6/4/2011 11:45,1,1101,1,1,1,1,,1,3,1,2,4,1,4,4,4,1,2,3,2,4,3,4,4,4,4,3,1,3,2,2,2,3,,,,,,,,,,,,,,,,,,,,,,,,,,,,,,,,,,,,,,,,,,,,,,,,,,,,,10,15,25,50,10,20,30,40,,,1,,1,,,,,,,,,,,,,,,,,,,,,,,,,,,,,,,
R_d6lqkKAasBhW3d2,Default Response Set,Anonymous,,,0,6/4/2011 11:36,6/4/2011 11:49,1,1101,1,1,1,1,,,,,,,,,,,,,,,,,,,,,,,,,,,,1,3,1,2,4,1,3,2,4,1,3,2,2,4,3,4,3,3,3,3,1,1,1,1,1,2,,,,,,,,,,,,,,,,,,,,,,,,,,,25,25,25,25,30,20,20,30,,,1,,1,,,,,,,,,,,,,,,,,,,,,,,,,,,,,,,
R_0D1RiR1XPeBnd2c,Default Response Set,Anonymous,,,0,6/4/2011 11:45,6/4/2011 11:51,1,1101,1,1,1,1,,,,,,,,,,,,,,,,,,,,,,,,,,,,,,,,,,,,,,,,,,,,,,,,,,,,,,1,2,1,2,3,2,3,2,3,2,3,3,3,3,2,3,3,3,2,3,2,2,1,2,2,2,25,25,25,25,25,25,25,25,,,1,,1,,Survey should pay more.,,,,,,,,,,,,,,,,,,,,,,,,,,,,,
R_0lDlJtDydn5jPNi,Default Response Set,Anonymous,,,0,6/4/2011 12:07,6/4/2011 12:19,1,1101,1,1,1,1,,1,2,1,1,3,3,2,1,3,1,2,3,2,2,1,4,1,3,1,2,2,1,1,1,1,1,,,,,,,,,,,,,,,,,,,,,,,,,,,,,,,,,,,,,,,,,,,,,,,,,,,,,20,20,30,30,10,20,30,40,,,1,,1,,Thank you for the privilege of assisting.,,,,,,,,,,,,,,,,,,,,,,,,,,,,,
R_cZpILlnRrVl0f8U,Default Response Set,Anonymous,,,0,6/4/2011 12:18,6/4/2011 12:23,1,1101,1,1,1,1,,1,3,2,3,3,3,3,2,3,2,3,3,3,3,3,3,3,3,3,3,2,2,2,1,1,3,,,,,,,,,,,,,,,,,,,,,,,,,,,,,,,,,,,,,,,,,,,,,,,,,,,,,15,20,25,40,10,15,15,60,,,1,,1,,,,,,,,,,,,,,,,,,,,,,,,,,,,,,,
R_6tWGVMjCpw0pIDW,Default Response Set,Anonymous,,,0,6/4/2011 12:19,6/4/2011 12:23,1,1101,1,1,1,1,,,,,,,,,,,,,,,,,,,,,,,,,,,,,,,,,,,,,,,,,,,,,,,,,,,,,,1,4,3,4,4,3,3,3,4,3,4,4,4,3,3,4,4,4,3,4,4,4,3,2,3,4,40,10,10,40,10,10,10,70,,,1,,1,,,,,,,,,,,,,,,,,,,,,,,,,,,,,,,
R_a9nJlKikF1ifakc,Default Response Set,Anonymous,,,0,6/4/2011 12:21,6/4/2011 12:27,1,1101,1,1,1,1,,,,,,,,,,,,,,,,,,,,,,,,,,,,1,2,2,1,2,2,1,1,2,2,2,3,3,2,1,3,3,1,1,2,2,1,1,1,1,1,,,,,,,,,,,,,,,,,,,,,,,,,,,25,50,15,10,20,20,10,50,,,1,,1,,"If anyone is making below 40,000.00, something really needs to be done.",,,,,,,,,,,,,,,,,,,,,,,,,,,,,
R_dcaW2PP3lP3yArW,Default Response Set,Anonymous,,,0,6/4/2011 12:21,6/4/2011 12:27,1,1101,1,1,1,1,,,,,,,,,,,,,,,,,,,,,,,,,,,,1,4,2,3,3,3,3,3,4,3,3,4,4,4,3,4,4,4,2,4,4,3,3,2,3,3,,,,,,,,,,,,,,,,,,,,,,,,,,,10,10,20,60,20,20,25,35,,,1,,1,,,,,,,,,,,,,,,,,,,,,,,,,,,,,,,
R_9pgTagqITLwtRcw,Default Response Set,Anonymous,,,0,6/4/2011 12:13,6/4/2011 12:29,1,1101,1,1,1,1,,,,,,,,,,,,,,,,,,,,,,,,,,,,1,3,2,3,2,2,2,2,4,3,3,2,4,2,3,4,3,2,1,4,4,2,1,1,1,3,,,,,,,,,,,,,,,,,,,,,,,,,,,0,33,33,34,80,15,5,0,,,1,,1,,,,,,,,,,,,,,,,,,,,,,,,,,,,,,,
R_eLNZA65qI95IbR2,Default Response Set,Anonymous,,,0,6/4/2011 12:30,6/4/2011 12:35,1,1101,1,1,1,1,,1,4,3,4,2,3,3,3,4,3,3,4,4,4,3,4,4,4,2,4,4,3,2,1,1,3,,,,,,,,,,,,,,,,,,,,,,,,,,,,,,,,,,,,,,,,,,,,,,,,,,,,,15,15,20,50,10,15,45,30,,,1,,1,,,,,,,,,,,,,,,,,,,,,,,,,,,,,,,
R_9Xr7bzaJdGWE9o0,Default Response Set,Anonymous,,,0,6/4/2011 12:28,6/4/2011 12:37,1,1101,1,1,1,1,,,,,,,,,,,,,,,,,,,,,,,,,,,,,,,,,,,,,,,,,,,,,,,,,,,,,,1,4,2,3,4,3,4,2,4,3,3,3,2,4,4,4,4,4,2,3,3,3,2,1,2,3,15,15,15,55,0,25,30,45,,,1,,1,,None,,,,,,,,,,,,,,,,,,,,,,,,,,,,,
R_787ZR6a3IefJ3De,Default Response Set,Anonymous,,,0,6/4/2011 12:24,6/4/2011 12:39,1,1101,1,1,1,1,,1,2,1,2,1,4,1,1,1,3,2,2,3,2,1,3,2,2,2,1,3,2,1,1,2,2,,,,,,,,,,,,,,,,,,,,,,,,,,,,,,,,,,,,,,,,,,,,,,,,,,,,,20,30,20,30,25,25,25,25,,,1,,1,,no,,,,,,,,,,,,,,,,,,,,,,,,,,,,,
R_dbZUoPn5X02WNmI,Default Response Set,Anonymous,,,0,6/4/2011 12:57,6/4/2011 13:01,1,1101,1,1,1,1,,,,,,,,,,,,,,,,,,,,,,,,,,,,1,4,3,4,3,4,4,3,4,4,4,4,4,4,4,4,4,3,3,4,4,3,3,2,1,4,,,,,,,,,,,,,,,,,,,,,,,,,,,25,25,25,25,25,25,25,25,,,1,,1,,,,,,,,,,,,,,,,,,,,,,,,,,,,,,,
R_4O8zd0Y48GOrO8k,Default Response Set,Anonymous,,,0,6/4/2011 13:09,6/4/2011 13:16,1,1101,1,1,1,1,,,,,,,,,,,,,,,,,,,,,,,,,,,,,,,,,,,,,,,,,,,,,,,,,,,,,,1,3,2,3,3,3,3,3,4,2,4,3,4,3,3,4,3,4,2,3,3,3,3,2,2,3,25,25,25,25,10,20,35,35,,,1,,1,,,,,,,,,,,,,,,,,,,,,,,,,,,,,,,
R_38jkCNBwJmWrRfm,Default Response Set,Anonymous,,,0,6/4/2011 13:15,6/4/2011 13:21,1,1101,1,1,1,1,,1,4,3,3,3,2,3,3,4,4,3,4,4,3,4,4,4,3,3,4,4,3,3,2,2,3,,,,,,,,,,,,,,,,,,,,,,,,,,,,,,,,,,,,,,,,,,,,,,,,,,,,,25,25,25,25,10,20,30,40,,,1,,1,,,,,,,,,,,,,,,,,,,,,,,,,,,,,,,
R_3JVLw6S9d7lGbw8,Default Response Set,Anonymous,,,0,6/4/2011 13:35,6/4/2011 13:39,1,1101,1,1,1,1,,,,,,,,,,,,,,,,,,,,,,,,,,,,1,4,2,3,4,2,4,4,4,3,4,4,3,4,4,4,3,4,4,3,3,3,3,2,3,2,,,,,,,,,,,,,,,,,,,,,,,,,,,0,0,30,70,25,25,25,25,,,1,,1,,,,,,,,,,,,,,,,,,,,,,,,,,,,,,,
R_8wx0pt5Yhbb2g0k,Default Response Set,Anonymous,,,0,6/4/2011 13:39,6/4/2011 13:57,1,1101,1,1,1,1,,,,,,,,,,,,,,,,,,,,,,,,,,,,,,,,,,,,,,,,,,,,,,,,,,,,,,1,3,3,3,3,3,3,3,3,3,3,3,2,3,3,3,3,3,3,3,2,3,2,2,2,3,15,20,30,35,20,20,30,30,,,1,,1,,,,,,,,,,,,,,,,,,,,,,,,,,,,,,,
R_aa6ZOCEpJRRKiiM,Default Response Set,Anonymous,,,0,6/4/2011 13:40,6/4/2011 13:57,1,1101,1,1,1,1,,,,,,,,,,,,,,,,,,,,,,,,,,,,1,3,2,2,3,2,3,3,3,2,2,2,2,3,3,3,3,3,3,2,2,2,2,2,2,2,,,,,,,,,,,,,,,,,,,,,,,,,,,25,30,20,25,20,25,30,25,,,1,,1,,,,,,,,,,,,,,,,,,,,,,,,,,,,,,,
R_0CmGetLshu1tJmA,Default Response Set,Anonymous,,,0,6/4/2011 13:53,6/4/2011 14:03,1,1101,1,1,1,1,,1,3,2,3,2,3,1,2,2,2,2,2,3,1,2,3,2,2,1,3,3,3,1,3,4,1,,,,,,,,,,,,,,,,,,,,,,,,,,,,,,,,,,,,,,,,,,,,,,,,,,,,,25,25,25,25,25,25,25,25,,,,,,1,"Thank you, I don't think I understood the question correctly.",,,,,,,,,,,,,,,,,,,,,,,,,,,,,
R_8pjkPmCF8rNE17K,Default Response Set,Anonymous,,,0,6/4/2011 14:29,6/4/2011 14:32,1,1101,1,1,1,1,,1,3,2,2,3,2,3,3,4,1,3,2,2,3,3,4,3,3,2,3,2,2,3,2,2,3,,,,,,,,,,,,,,,,,,,,,,,,,,,,,,,,,,,,,,,,,,,,,,,,,,,,,10,10,40,40,10,20,40,30,,,1,,1,,,,,,,,,,,,,,,,,,,,,,,,,,,,,,,
R_e4LxMFMfWuTtaok,Default Response Set,Anonymous,,,0,6/4/2011 14:18,6/4/2011 14:34,1,1101,1,1,1,1,,,,,,,,,,,,,,,,,,,,,,,,,,,,,,,,,,,,,,,,,,,,,,,,,,,,,,1,3,2,3,3,3,3,3,3,3,4,4,3,4,3,4,4,3,3,4,4,4,2,1,2,3,20,25,25,30,30,20,20,30,,,1,,1,,,,,,,,,,,,,,,,,,,,,,,,,,,,,,,
R_7WGNxLrdqc7YeHy,Default Response Set,Anonymous,,,0,6/4/2011 14:41,6/4/2011 14:46,1,1101,1,1,1,1,,,,,,,,,,,,,,,,,,,,,,,,,,,,1,4,2,4,4,3,4,3,4,3,4,4,4,4,4,4,4,4,3,4,4,4,3,2,3,3,,,,,,,,,,,,,,,,,,,,,,,,,,,25,25,25,25,25,25,25,25,,,1,,1,,,,,,,,,,,,,,,,,,,,,,,,,,,,,,,
R_dnD467utL4mVUri,Default Response Set,Anonymous,,,0,6/4/2011 15:17,6/4/2011 15:21,1,1101,1,1,,,1,,,,,,,,,,,,,,,,,,,,,,,,,,,,,,,,,,,,,,,,,,,,,,,,,,,,,1,4,3,3,3,2,4,3,4,1,3,4,3,4,4,4,4,4,3,3,2,3,2,2,2,3,10,10,20,60,0,0,10,90,1,,,,,,,,,,,,,,,,,,,,,,,,,,,,,,,,,,,
R_6Gz67WUAOno5pek,Default Response Set,Anonymous,,,0,6/4/2011 16:20,6/4/2011 16:31,1,1101,1,1,1,1,,,,,,,,,,,,,,,,,,,,,,,,,,,,1,3,1,4,4,3,4,2,4,3,3,3,4,4,3,4,3,3,2,3,3,2,3,1,2,3,,,,,,,,,,,,,,,,,,,,,,,,,,,5,15,20,60,0,20,20,60,,,1,,1,,,,,,,,,,,,,,,,,,,,,,,,,,,,,,,
R_8H9M1htnLAr0PQ0,Default Response Set,Anonymous,,,0,6/4/2011 16:36,6/4/2011 16:49,1,1101,1,1,1,1,,1,3,2,3,3,3,4,3,4,3,3,4,4,3,3,4,4,4,4,4,3,3,2,1,1,3,,,,,,,,,,,,,,,,,,,,,,,,,,,,,,,,,,,,,,,,,,,,,,,,,,,,,15,30,25,30,20,15,40,25,,,1,,1,,,,,,,,,,,,,,,,,,,,,,,,,,,,,,,
R_b4qFKPRw0dTLAEY,Default Response Set,Anonymous,,,0,6/4/2011 16:52,6/4/2011 16:58,1,1101,1,1,1,1,,,,,,,,,,,,,,,,,,,,,,,,,,,,1,3,1,2,3,1,4,3,4,1,3,2,2,4,3,4,3,3,3,2,1,2,2,1,1,2,,,,,,,,,,,,,,,,,,,,,,,,,,,15,10,25,50,10,15,75,0,,,,,,1,Interesting survey.,,,,,,,,,,,,,,,,,,,,,,,,,,,,,
R_3OW9Wt3Ora4lApu,Default Response Set,Anonymous,,,0,6/4/2011 17:17,6/4/2011 17:22,1,1101,1,1,1,1,,,,,,,,,,,,,,,,,,,,,,,,,,,,,,,,,,,,,,,,,,,,,,,,,,,,,,1,3,2,3,3,3,3,2,4,2,4,3,3,3,3,4,3,3,2,4,3,3,2,2,3,3,30,10,10,50,30,25,15,30,,,1,,1,,,,,,,,,,,,,,,,,,,,,,,,,,,,,,,
R_0oBfMoQ9Kp2928A,Default Response Set,Anonymous,,,0,6/4/2011 17:25,6/4/2011 17:28,1,1101,1,1,,,1,1,3,2,3,3,2,2,3,2,1,3,3,2,2,2,4,3,2,2,3,2,2,3,1,1,3,,,,,,,,,,,,,,,,,,,,,,,,,,,,,,,,,,,,,,,,,,,,,,,,,,,,,15,25,30,30,25,50,10,15,,,,,,1,,,,,,,,,,,,,,,,,,,,,,,,,,,,,,
R_blnlZRY2ssZzhKQ,Default Response Set,Anonymous,,,0,6/4/2011 17:44,6/4/2011 17:51,1,1101,1,1,1,1,,,,,,,,,,,,,,,,,,,,,,,,,,,,1,3,2,3,3,2,3,3,4,1,3,2,3,3,3,4,3,4,3,4,3,4,3,2,1,3,,,,,,,,,,,,,,,,,,,,,,,,,,,0,20,30,50,20,30,30,20,,,1,,1,,Nope!,,,,,,,,,,,,,,,,,,,,,,,,,,,,,
R_dikUzdQ89GQoqsA,Default Response Set,Anonymous,,,0,6/4/2011 17:48,6/4/2011 17:53,1,1101,1,1,1,1,,,,,,,,,,,,,,,,,,,,,,,,,,,,1,3,1,2,3,4,3,3,3,2,4,4,4,4,3,3,3,4,2,4,2,3,2,1,2,2,,,,,,,,,,,,,,,,,,,,,,,,,,,15,25,30,30,25,25,25,25,,,1,,1,,,,,,,,,,,,,,,,,,,,,,,,,,,,,,,
R_eJu020A7tnjlQ6E,Default Response Set,Anonymous,,,0,6/4/2011 17:45,6/4/2011 17:57,1,1101,1,1,1,1,,,,,,,,,,,,,,,,,,,,,,,,,,,,,,,,,,,,,,,,,,,,,,,,,,,,,,1,3,2,3,3,3,3,2,3,3,4,4,4,3,3,4,3,3,2,3,3,4,2,2,2,3,10,30,30,30,20,25,25,30,,,1,,1,,,,,,,,,,,,,,,,,,,,,,,,,,,,,,,
R_em2wkVdDLbguxus,Default Response Set,Anonymous,,,0,6/4/2011 17:53,6/4/2011 18:02,1,1101,1,1,1,1,,,,,,,,,,,,,,,,,,,,,,,,,,,,,,,,,,,,,,,,,,,,,,,,,,,,,,1,4,2,4,4,3,3,2,4,4,4,4,4,3,4,4,4,4,2,4,4,4,2,2,3,4,10,20,30,40,25,35,20,20,,,1,,1,,,,,,,,,,,,,,,,,,,,,,,,,,,,,,,
R_bEEPWaEcOKr1Lfe,Default Response Set,Anonymous,,,0,6/4/2011 18:08,6/4/2011 18:13,1,1101,1,1,1,1,,1,4,3,3,3,3,3,3,4,3,3,4,4,4,3,4,4,3,3,4,3,3,3,2,2,3,,,,,,,,,,,,,,,,,,,,,,,,,,,,,,,,,,,,,,,,,,,,,,,,,,,,,25,25,25,25,20,20,30,30,,,1,,1,,,,,,,,,,,,,,,,,,,,,,,,,,,,,,,
R_1NU3DojOpwaEwrG,Default Response Set,Anonymous,,,0,6/4/2011 18:32,6/4/2011 18:37,1,1101,1,1,1,1,,,,,,,,,,,,,,,,,,,,,,,,,,,,,,,,,,,,,,,,,,,,,,,,,,,,,,1,3,2,3,3,3,3,2,3,2,2,3,3,2,3,4,3,3,2,3,3,3,2,2,2,3,10,35,30,25,50,30,15,5,,,1,,1,,,,,,,,,,,,,,,,,,,,,,,,,,,,,,,
R_4VppDuuL3erhYy0,Default Response Set,Anonymous,,,0,6/4/2011 18:44,6/4/2011 18:51,1,1101,1,1,1,1,,,,,,,,,,,,,,,,,,,,,,,,,,,,1,3,2,2,2,2,3,2,4,3,2,3,3,4,2,4,3,4,2,3,3,3,2,2,2,2,,,,,,,,,,,,,,,,,,,,,,,,,,,25,25,25,25,25,25,25,25,,,1,,1,,,,,,,,,,,,,,,,,,,,,,,,,,,,,,,
R_4IWtUGvxkKDmLvm,Default Response Set,Anonymous,,,0,6/4/2011 19:00,6/4/2011 19:06,1,1101,1,1,1,1,,1,4,2,3,3,4,4,3,4,4,3,4,4,4,3,4,4,4,3,3,4,2,2,1,1,3,,,,,,,,,,,,,,,,,,,,,,,,,,,,,,,,,,,,,,,,,,,,,,,,,,,,,25,25,25,25,0,20,30,50,,,1,,1,,,,,,,,,,,,,,,,,,,,,,,,,,,,,,,
R_bwsUJr7z8ncfgb2,Default Response Set,Anonymous,,,0,6/4/2011 19:10,6/4/2011 19:14,1,1101,1,1,1,1,,,,,,,,,,,,,,,,,,,,,,,,,,,,,,,,,,,,,,,,,,,,,,,,,,,,,,1,3,2,3,3,3,3,2,3,3,3,3,3,3,3,4,3,3,3,3,3,3,2,2,2,3,25,10,5,60,10,25,25,40,,,1,,1,,,,,,,,,,,,,,,,,,,,,,,,,,,,,,,
R_29Rs1K2KcfT2sAI,Default Response Set,Anonymous,,,0,6/4/2011 19:12,6/4/2011 19:17,1,1101,1,1,1,1,,1,3,2,2,3,3,3,2,3,2,3,4,3,3,3,4,3,3,3,3,3,3,2,2,2,3,,,,,,,,,,,,,,,,,,,,,,,,,,,,,,,,,,,,,,,,,,,,,,,,,,,,,20,25,25,30,0,0,35,65,,,1,,1,,,,,,,,,,,,,,,,,,,,,,,,,,,,,,,
R_bIymzy5TWUDlQ0Y,Default Response Set,Anonymous,,,0,6/4/2011 19:12,6/4/2011 19:17,1,1101,1,1,1,1,,,,,,,,,,,,,,,,,,,,,,,,,,,,1,2,2,3,3,3,3,2,3,2,3,3,3,3,3,3,3,3,2,2,3,3,2,2,2,3,,,,,,,,,,,,,,,,,,,,,,,,,,,10,20,30,40,5,5,20,70,,,1,,1,,"For what it is worth, I looked for upward trends, and over an arbitrary level of income in order for it to be a ""good"" economy. ""Arbitrary"" only in that what seems like a lot of money to me is far different from the average person, and all these amounts would be too low to cover my own expenses.",,,,,,,,,,,,,,,,,,,,,,,,,,,,,
R_067NyasKI73kOm8,Default Response Set,Anonymous,,,0,6/4/2011 19:24,6/4/2011 19:27,1,1101,1,1,,,1,,,,,,,,,,,,,,,,,,,,,,,,,,,1,2,2,2,4,2,3,3,4,2,4,2,3,3,4,4,3,4,2,3,2,3,1,1,1,2,,,,,,,,,,,,,,,,,,,,,,,,,,,10,30,30,30,10,25,35,30,,,,,,1,,,,,,,,,,,,,,,,,,,,,,,,,,,,,,
R_9TC3mSFUsInyWt6,Default Response Set,Anonymous,,,0,6/4/2011 19:22,6/4/2011 19:31,1,1101,1,1,1,1,,1,3,1,2,4,2,4,3,4,3,3,3,2,3,3,4,4,3,3,4,1,3,2,1,2,3,,,,,,,,,,,,,,,,,,,,,,,,,,,,,,,,,,,,,,,,,,,,,,,,,,,,,10,30,30,30,10,30,30,30,,,1,,1,,Interesting survey!,,,,,,,,,,,,,,,,,,,,,,,,,,,,,
R_9mA1nhCbS9RiakQ,Default Response Set,Anonymous,,,0,6/4/2011 19:27,6/4/2011 19:31,1,1101,1,1,1,1,,,,,,,,,,,,,,,,,,,,,,,,,,,,,,,,,,,,,,,,,,,,,,,,,,,,,,1,3,3,3,3,3,2,3,3,3,3,3,3,2,3,3,2,3,2,2,3,3,3,2,3,3,25,20,32,23,70,10,10,10,,,1,,1,,,,,,,,,,,,,,,,,,,,,,,,,,,,,,,
R_eDsVvZoUGeFxMIA,Default Response Set,Anonymous,,,0,6/4/2011 19:22,6/4/2011 19:32,1,1101,1,1,1,1,,,,,,,,,,,,,,,,,,,,,,,,,,,,,,,,,,,,,,,,,,,,,,,,,,,,,,1,3,2,2,4,2,4,3,4,2,3,3,4,4,3,4,3,3,3,3,2,3,2,2,2,3,15,25,25,35,15,25,25,35,,,1,,1,,,,,,,,,,,,,,,,,,,,,,,,,,,,,,,
R_b2cdI41ar8UxOAs,Default Response Set,Anonymous,,,0,6/4/2011 19:23,6/4/2011 19:34,1,1101,1,1,1,1,,,,,,,,,,,,,,,,,,,,,,,,,,,,1,4,2,4,3,3,4,3,4,3,4,4,4,4,4,4,4,4,3,4,4,4,3,2,2,3,,,,,,,,,,,,,,,,,,,,,,,,,,,25,25,25,25,15,15,35,35,,,1,,1,,,,,,,,,,,,,,,,,,,,,,,,,,,,,,,
R_0UQRwmQmBTxP2Nm,Default Response Set,Anonymous,,,0,6/4/2011 19:50,6/4/2011 19:58,1,1101,1,1,1,1,,1,4,3,3,3,3,4,3,4,3,3,4,4,4,3,4,4,3,2,3,4,3,3,1,2,3,,,,,,,,,,,,,,,,,,,,,,,,,,,,,,,,,,,,,,,,,,,,,,,,,,,,,20,20,30,30,10,20,30,40,,,1,,1,,,,,,,,,,,,,,,,,,,,,,,,,,,,,,,
R_bNKU5syTrdYJkTW,Default Response Set,Anonymous,,,0,6/4/2011 19:51,6/4/2011 19:59,1,1101,1,1,1,1,,,,,,,,,,,,,,,,,,,,,,,,,,,,1,3,2,2,3,2,4,3,4,2,4,3,2,4,3,4,4,4,4,3,1,3,3,1,3,3,,,,,,,,,,,,,,,,,,,,,,,,,,,18,26,24,32,20,30,40,10,,,1,,1,,,,,,,,,,,,,,,,,,,,,,,,,,,,,,,
R_aeExBiJlDxGDEMc,Default Response Set,Anonymous,,,0,6/4/2011 20:07,6/4/2011 20:12,1,1101,1,1,,,1,,,,,,,,,,,,,,,,,,,,,,,,,,,1,3,2,3,4,3,3,3,4,3,4,4,4,3,4,4,4,3,3,4,3,4,2,1,2,4,,,,,,,,,,,,,,,,,,,,,,,,,,,20,20,30,30,0,0,50,50,,,1,,1,,none,,,,,,,,,,,,,,,,,,,,,,,,,,,,,
R_9H0mv5ZGpscFhys,Default Response Set,Anonymous,,,0,6/4/2011 20:04,6/4/2011 20:15,1,1101,1,1,1,1,,,,,,,,,,,,,,,,,,,,,,,,,,,,,,,,,,,,,,,,,,,,,,,,,,,,,,1,4,3,3,3,3,3,3,3,3,3,3,3,3,3,4,3,4,2,3,3,3,2,1,2,3,25,25,25,25,25,25,25,25,,,1,,1,,,,,,,,,,,,,,,,,,,,,,,,,,,,,,,
R_6P7CkyAV3JoOdcE,Default Response Set,Anonymous,,,0,6/4/2011 20:07,6/4/2011 20:17,1,1101,1,1,1,1,,,,,,,,,,,,,,,,,,,,,,,,,,,,,,,,,,,,,,,,,,,,,,,,,,,,,,1,3,1,2,3,3,2,2,3,2,3,3,3,3,2,4,2,3,2,3,3,3,2,2,2,2,30,20,20,30,10,10,30,50,,,1,,1,,,,,,,,,,,,,,,,,,,,,,,,,,,,,,,
R_56zo5FdcAWf9ftG,Default Response Set,Anonymous,,,0,6/4/2011 20:18,6/4/2011 20:21,1,1101,1,1,1,1,,1,4,2,3,2,3,3,3,4,3,3,4,3,3,3,4,4,3,3,4,4,3,2,2,2,3,,,,,,,,,,,,,,,,,,,,,,,,,,,,,,,,,,,,,,,,,,,,,,,,,,,,,25,25,25,25,15,15,30,40,,,1,,1,,,,,,,,,,,,,,,,,,,,,,,,,,,,,,,
R_1Xhl3IsuZOYf5D6,Default Response Set,Anonymous,,,0,6/4/2011 20:51,6/4/2011 20:59,1,1101,1,1,1,1,,,,,,,,,,,,,,,,,,,,,,,,,,,,1,3,3,3,3,3,3,3,4,3,3,3,3,3,3,4,3,3,2,3,3,3,3,1,2,3,,,,,,,,,,,,,,,,,,,,,,,,,,,22,28,28,22,40,15,15,30,,,1,,1,,,,,,,,,,,,,,,,,,,,,,,,,,,,,,,
R_9HVjyNKr1WAQkqo,Default Response Set,Anonymous,,,0,6/4/2011 20:55,6/4/2011 21:03,1,1101,1,1,1,1,,,,,,,,,,,,,,,,,,,,,,,,,,,,,,,,,,,,,,,,,,,,,,,,,,,,,,1,2,2,1,1,1,1,1,2,2,2,2,2,1,2,3,2,2,1,2,2,1,1,1,1,2,25,25,25,25,25,25,25,25,,,1,,1,,,,,,,,,,,,,,,,,,,,,,,,,,,,,,,
R_cNE4pw7K40PPIaw,Default Response Set,Anonymous,,,0,6/4/2011 21:15,6/4/2011 21:22,1,1101,1,1,1,1,,1,2,1,3,3,2,3,2,2,1,2,4,3,3,2,4,3,3,2,2,2,1,1,1,1,2,,,,,,,,,,,,,,,,,,,,,,,,,,,,,,,,,,,,,,,,,,,,,,,,,,,,,20,20,30,30,20,20,30,30,,,1,,1,,,,,,,,,,,,,,,,,,,,,,,,,,,,,,,
R_41MKYZWVMvobd7C,Default Response Set,Anonymous,,,0,6/4/2011 21:17,6/4/2011 21:24,1,1101,1,1,1,1,,1,4,2,3,3,2,3,3,4,2,3,3,4,2,3,4,4,3,2,4,3,4,3,1,1,3,,,,,,,,,,,,,,,,,,,,,,,,,,,,,,,,,,,,,,,,,,,,,,,,,,,,,20,14,33,33,15,30,30,25,,,1,,1,,,,,,,,,,,,,,,,,,,,,,,,,,,,,,,
R_9nMzDXQgFt0btpa,Default Response Set,Anonymous,,,0,6/4/2011 21:20,6/4/2011 21:25,1,1101,1,1,1,1,,,,,,,,,,,,,,,,,,,,,,,,,,,,1,4,2,3,3,4,4,3,4,3,3,4,4,4,3,3,3,4,2,3,4,4,3,2,2,3,,,,,,,,,,,,,,,,,,,,,,,,,,,10,10,30,50,10,10,20,60,,,1,,1,,,,,,,,,,,,,,,,,,,,,,,,,,,,,,,
R_9ZAi45L2CAJZ6MQ,Default Response Set,Anonymous,,,0,6/4/2011 21:20,6/4/2011 21:27,1,1101,1,1,1,1,,,,,,,,,,,,,,,,,,,,,,,,,,,,,,,,,,,,,,,,,,,,,,,,,,,,,,1,3,2,3,3,3,3,2,3,3,4,3,4,4,4,4,4,3,2,4,4,3,3,2,2,4,25,25,25,25,10,20,35,35,,,1,,1,,,,,,,,,,,,,,,,,,,,,,,,,,,,,,,
R_9u9auWbA2KHQkUA,Default Response Set,Anonymous,,,0,6/4/2011 21:43,6/4/2011 21:48,1,1101,1,1,1,1,,,,,,,,,,,,,,,,,,,,,,,,,,,,,,,,,,,,,,,,,,,,,,,,,,,,,,1,3,1,2,3,3,3,2,4,3,4,4,4,4,3,4,4,3,2,3,3,3,2,1,2,2,25,25,25,25,25,25,25,25,,,1,,1,,,,,,,,,,,,,,,,,,,,,,,,,,,,,,,
R_cvCpe0Iz6Zl9Rre,Default Response Set,Anonymous,,,0,6/4/2011 22:04,6/4/2011 22:08,1,1101,1,1,1,1,,,,,,,,,,,,,,,,,,,,,,,,,,,,1,4,3,3,4,3,3,3,4,4,3,3,3,3,3,4,4,3,3,4,3,4,3,3,2,3,,,,,,,,,,,,,,,,,,,,,,,,,,,25,25,25,25,25,25,25,25,,,1,,1,,,,,,,,,,,,,,,,,,,,,,,,,,,,,,,
R_0vnVQ8twwV1fIMc,Default Response Set,Anonymous,,,0,6/4/2011 22:03,6/4/2011 22:11,1,1101,1,1,1,1,,1,3,1,2,1,2,3,1,2,2,2,4,3,3,2,4,3,4,1,4,2,1,2,1,1,1,,,,,,,,,,,,,,,,,,,,,,,,,,,,,,,,,,,,,,,,,,,,,,,,,,,,,25,25,25,25,14,23,30,33,,,1,,1,,,,,,,,,,,,,,,,,,,,,,,,,,,,,,,
R_6xITaUAktNupUIk,Default Response Set,Anonymous,,,0,6/4/2011 22:16,6/4/2011 22:25,1,1101,1,1,1,1,,,,,,,,,,,,,,,,,,,,,,,,,,,,1,4,3,4,4,2,3,4,4,3,4,4,4,4,4,4,4,3,3,4,4,4,3,2,3,4,,,,,,,,,,,,,,,,,,,,,,,,,,,30,20,20,30,40,30,20,10,,,1,,1,,There were an awful lot of economies to look at. I wish I had been warned there were so many.,,,,,,,,,,,,,,,,,,,,,,,,,,,,,
R_9HXk2xg0hF5afXK,Default Response Set,Anonymous,,,0,6/4/2011 22:23,6/4/2011 22:32,1,1101,1,1,1,1,,1,3,2,3,3,1,2,2,4,3,3,3,1,3,3,2,3,3,2,4,3,2,2,1,1,3,,,,,,,,,,,,,,,,,,,,,,,,,,,,,,,,,,,,,,,,,,,,,,,,,,,,,10,25,25,40,5,15,35,45,,,,,,1,"I think the president has gone a considerable good job considering the mess were in to begin with. I think we are long ways away from being back to ""normal"" but it's slowly getting better and people are slowly adjusting in my opinion.",,,,,,,,,,,,,,,,,,,,,,,,,,,,,
R_3eXT58KXNDzDJSQ,Default Response Set,Anonymous,,,0,6/4/2011 22:26,6/4/2011 22:35,1,1101,1,1,1,1,,,,,,,,,,,,,,,,,,,,,,,,,,,,,,,,,,,,,,,,,,,,,,,,,,,,,,1,3,1,3,2,4,2,2,3,2,3,3,4,2,4,4,3,3,2,3,3,4,2,3,3,3,12,18,25,45,50,25,18,7,,,1,,1,,,,,,,,,,,,,,,,,,,,,,,,,,,,,,,
R_9sNxGpZuU7NCIBK,Default Response Set,Anonymous,,,0,6/4/2011 22:32,6/4/2011 22:43,1,1101,1,1,1,1,,1,3,2,3,3,3,3,2,3,3,3,3,3,3,2,4,3,3,2,4,3,3,2,1,1,2,,,,,,,,,,,,,,,,,,,,,,,,,,,,,,,,,,,,,,,,,,,,,,,,,,,,,25,25,25,25,15,20,30,35,,,1,,1,,,,,,,,,,,,,,,,,,,,,,,,,,,,,,,
R_eFZphYISqpTs1k8,Default Response Set,Anonymous,,,0,6/4/2011 22:44,6/4/2011 22:54,1,1101,1,1,,,1,,,,,,,,,,,,,,,,,,,,,,,,,,,1,3,1,3,4,3,3,3,3,2,2,2,3,3,3,4,3,3,3,4,3,2,2,1,2,3,,,,,,,,,,,,,,,,,,,,,,,,,,,40,10,10,40,30,10,10,50,,,1,,1,,,,,,,,,,,,,,,,,,,,,,,,,,,,,,,
R_6tkJolZkmi1njAU,Default Response Set,Anonymous,,,0,6/4/2011 22:42,6/4/2011 23:01,1,1101,1,1,1,1,,,,,,,,,,,,,,,,,,,,,,,,,,,,,,,,,,,,,,,,,,,,,,,,,,,,,,1,4,3,4,4,3,4,3,4,3,4,4,4,3,4,4,4,3,3,4,4,4,3,3,3,4,25,25,25,25,50,20,20,10,,,1,,1,,"Since my income has plummeted ever since Bush seized power, and I am now making 1/4 the amount I was making when Clinton was president, in my opinion, anytime income goes up steadily - even in small amounts - the economy is good. If it goes down at all, the economy may be fair; however, none of the examples you showed amounted to ""bad"" by any stretch of the imagination according to my experience. With politics as they are and the Republican party and corporate powers attempting to destroy our economy and overthrow the government, I don't think any year in any presidents term of office is predictive of anything. The sabotage is too fierce and unrelenting. Any progress that is made will be immediately destroyed. President Obama has almost no chance of improving the economy or anything else, and when his time is up everything he does manage to do will be destroyed. Just as the economy was in excellent shape and we had a surplus when Clinton left office, then Bush et al trashed everything Clinton had done and threw all our money away, the same thing will happen with president Obama unless we can get the damn Republicans and corporations under control. Nobody could have looked at the economy when Clinton left office and predicted we would be in the sorry state we are in today because nobody expected sabotage. ",,,,,,,,,,,,,,,,,,,,,,,,,,,,,
R_556ldcNrfvjy1X6,Default Response Set,Anonymous,,,0,6/4/2011 22:56,6/4/2011 23:05,1,1101,1,1,1,1,,1,3,1,2,4,2,4,4,4,1,2,4,2,4,4,4,4,4,4,2,1,3,2,1,2,2,,,,,,,,,,,,,,,,,,,,,,,,,,,,,,,,,,,,,,,,,,,,,,,,,,,,,5,10,35,50,25,25,25,25,,,1,,1,,no,,,,,,,,,,,,,,,,,,,,,,,,,,,,,
R_dpvXxmENtTzo9GQ,Default Response Set,Anonymous,,,0,6/4/2011 23:07,6/4/2011 23:15,1,1101,1,1,1,1,,,,,,,,,,,,,,,,,,,,,,,,,,,,1,2,1,2,2,2,2,2,3,1,3,1,2,2,2,3,2,2,2,3,1,3,1,1,1,1,,,,,,,,,,,,,,,,,,,,,,,,,,,25,25,25,25,25,25,25,25,,,1,,1,,,,,,,,,,,,,,,,,,,,,,,,,,,,,,,
R_eljfqU5xago2v3K,Default Response Set,Anonymous,,,0,6/4/2011 23:20,6/4/2011 23:25,1,1101,1,1,1,1,,,,,,,,,,,,,,,,,,,,,,,,,,,,1,3,1,3,4,2,4,3,4,1,3,2,3,3,4,4,4,2,4,3,2,3,1,1,3,3,,,,,,,,,,,,,,,,,,,,,,,,,,,5,10,25,60,25,25,25,25,,,1,,1,,,,,,,,,,,,,,,,,,,,,,,,,,,,,,,
R_3xvL3g16lwnU0N6,Default Response Set,Anonymous,,,0,6/4/2011 23:18,6/4/2011 23:26,1,1101,1,1,1,1,,,,,,,,,,,,,,,,,,,,,,,,,,,,,,,,,,,,,,,,,,,,,,,,,,,,,,1,3,1,2,2,2,3,2,3,2,3,3,3,3,3,4,3,3,2,3,3,2,1,1,1,2,23,22,25,30,22,24,26,28,,,1,,1,,,,,,,,,,,,,,,,,,,,,,,,,,,,,,,
R_4MJRKLTATYgqzo8,Default Response Set,Anonymous,,,0,6/4/2011 23:33,6/4/2011 23:40,1,1101,1,1,1,1,,,,,,,,,,,,,,,,,,,,,,,,,,,,,,,,,,,,,,,,,,,,,,,,,,,,,,1,3,1,2,2,3,2,2,3,2,3,3,3,3,3,4,3,3,2,3,3,3,3,1,2,3,20,25,25,30,15,20,30,35,,,1,,1,,,,,,,,,,,,,,,,,,,,,,,,,,,,,,,
R_5pzL0uqKazeRlOc,Default Response Set,Anonymous,,,0,6/4/2011 23:34,6/4/2011 23:40,1,1101,1,1,1,1,,1,3,3,3,2,3,4,2,3,3,4,4,3,3,3,4,3,3,2,4,3,3,2,1,1,2,,,,,,,,,,,,,,,,,,,,,,,,,,,,,,,,,,,,,,,,,,,,,,,,,,,,,25,25,25,25,25,25,25,25,,,1,,1,,,,,,,,,,,,,,,,,,,,,,,,,,,,,,,
R_2blLj6dcp3ryuR6,Default Response Set,Anonymous,,,0,6/4/2011 23:47,6/4/2011 23:54,1,1101,1,1,1,1,,,,,,,,,,,,,,,,,,,,,,,,,,,,1,4,2,3,3,3,3,2,4,3,4,3,4,3,3,4,3,3,2,4,3,3,3,2,2,4,,,,,,,,,,,,,,,,,,,,,,,,,,,10,20,30,40,30,20,20,30,,,1,,1,,,,,,,,,,,,,,,,,,,,,,,,,,,,,,,
R_bJJIyxsf7SCXcLW,Default Response Set,Anonymous,,,0,6/4/2011 23:59,6/5/2011 0:04,1,1101,1,1,1,1,,1,2,1,2,1,3,2,2,2,2,2,3,2,2,2,3,2,3,1,3,2,1,1,1,2,1,,,,,,,,,,,,,,,,,,,,,,,,,,,,,,,,,,,,,,,,,,,,,,,,,,,,,25,25,25,25,25,25,25,25,,,1,,1,,,,,,,,,,,,,,,,,,,,,,,,,,,,,,,
R_5arDCMVRLEgUCvW,Default Response Set,Anonymous,,,0,6/5/2011 0:09,6/5/2011 0:13,1,1101,1,1,1,1,,,,,,,,,,,,,,,,,,,,,,,,,,,,,,,,,,,,,,,,,,,,,,,,,,,,,,1,3,2,2,2,2,3,3,4,2,3,3,3,3,3,4,3,3,2,3,3,3,2,2,2,3,20,20,20,40,25,25,25,25,,,1,,1,,,,,,,,,,,,,,,,,,,,,,,,,,,,,,,
R_eWCkse8APY3tkkA,Default Response Set,Anonymous,,,0,6/5/2011 0:33,6/5/2011 0:39,1,1101,1,1,1,1,,1,4,3,2,3,3,4,3,4,4,4,4,4,4,4,4,4,4,3,4,4,3,3,2,3,3,,,,,,,,,,,,,,,,,,,,,,,,,,,,,,,,,,,,,,,,,,,,,,,,,,,,,25,25,25,25,25,25,25,25,,,1,,1,,,,,,,,,,,,,,,,,,,,,,,,,,,,,,,
R_5jUE54uIEyCQ3dy,Default Response Set,Anonymous,,,0,6/5/2011 0:40,6/5/2011 0:46,1,1101,1,1,1,1,,,,,,,,,,,,,,,,,,,,,,,,,,,,,,,,,,,,,,,,,,,,,,,,,,,,,,1,3,2,3,2,3,3,3,4,3,4,3,4,3,3,4,3,4,2,4,3,3,2,1,2,3,25,25,25,25,15,35,40,10,,,1,,1,,,,,,,,,,,,,,,,,,,,,,,,,,,,,,,
R_6hhPjrv4mPxzr5q,Default Response Set,Anonymous,,,0,6/5/2011 0:47,6/5/2011 0:54,1,1101,1,1,1,1,,1,3,2,3,3,4,3,2,4,3,3,4,3,3,3,4,3,4,2,3,3,2,2,1,1,3,,,,,,,,,,,,,,,,,,,,,,,,,,,,,,,,,,,,,,,,,,,,,,,,,,,,,25,25,25,25,25,25,25,25,,,1,,1,,,,,,,,,,,,,,,,,,,,,,,,,,,,,,,
R_9Fc762ysBpq2JCY,Default Response Set,Anonymous,,,0,6/5/2011 0:50,6/5/2011 1:04,1,1101,1,1,1,1,,,,,,,,,,,,,,,,,,,,,,,,,,,,,,,,,,,,,,,,,,,,,,,,,,,,,,1,3,3,3,3,3,4,3,4,2,3,2,4,3,2,4,2,4,2,3,3,2,2,1,1,3,20,20,20,40,10,20,30,40,,,1,,1,,no,,,,,,,,,,,,,,,,,,,,,,,,,,,,,
R_7U4vyEdZZxAkQrW,Default Response Set,Anonymous,,,0,6/5/2011 1:00,6/5/2011 1:09,1,1101,1,1,1,1,,,,,,,,,,,,,,,,,,,,,,,,,,,,1,3,2,2,2,3,3,3,4,2,3,3,2,3,3,4,3,3,3,3,2,2,2,1,3,3,,,,,,,,,,,,,,,,,,,,,,,,,,,33,20,20,27,30,30,15,25,,1,,,,,,,,,,,,,,,,,,,,,,,,,,,,,,,,,,
R_5vSHiKoMQhCp9xW,Default Response Set,Anonymous,,,0,6/5/2011 1:05,6/5/2011 1:11,1,1101,1,1,1,1,,1,3,1,2,3,3,3,3,3,2,3,2,3,3,3,4,4,3,3,3,1,3,2,2,2,3,,,,,,,,,,,,,,,,,,,,,,,,,,,,,,,,,,,,,,,,,,,,,,,,,,,,,10,15,30,45,15,20,20,45,,,1,,1,,,,,,,,,,,,,,,,,,,,,,,,,,,,,,,
R_7PWD71ZLGJBVZsM,Default Response Set,Anonymous,,,0,6/5/2011 0:57,6/5/2011 1:12,1,1101,1,1,,,1,,,,,,,,,,,,,,,,,,,,,,,,,,,,,,,,,,,,,,,,,,,,,,,,,,,,,1,3,1,2,4,2,3,1,2,2,2,2,2,2,2,3,2,2,1,2,2,2,3,1,1,1,15,20,28,37,20,30,15,35,,,1,,1,,,,,,,,,,,,,,,,,,,,,,,,,,,,,,,
R_38blm9GVhn7iiEs,Default Response Set,Anonymous,,,0,6/5/2011 1:17,6/5/2011 1:30,1,1101,1,1,1,1,,,,,,,,,,,,,,,,,,,,,,,,,,,,1,3,2,3,3,2,3,3,4,3,3,4,4,3,3,4,4,4,2,3,4,3,2,2,2,3,,,,,,,,,,,,,,,,,,,,,,,,,,,35,15,15,35,15,20,35,30,,,1,,1,,,,,,,,,,,,,,,,,,,,,,,,,,,,,,,
R_cw1o9ngsB7vTlEU,Default Response Set,Anonymous,,,0,6/5/2011 1:41,6/5/2011 1:45,1,1101,1,1,1,1,,,,,,,,,,,,,,,,,,,,,,,,,,,,1,3,2,3,2,3,3,4,3,3,3,4,4,4,3,4,3,4,2,4,3,3,3,1,2,3,,,,,,,,,,,,,,,,,,,,,,,,,,,25,25,25,25,12.5,12.5,25,50,,,1,,1,,Good luck!,,,,,,,,,,,,,,,,,,,,,,,,,,,,,
R_23G6CATWksY2qdm,Default Response Set,Anonymous,,,0,6/5/2011 1:50,6/5/2011 1:59,1,1101,1,1,1,1,,,,,,,,,,,,,,,,,,,,,,,,,,,,,,,,,,,,,,,,,,,,,,,,,,,,,,1,3,2,3,1,2,3,2,4,3,4,4,4,3,3,4,4,3,1,4,4,4,3,2,3,3,25,15,10,50,25,25,25,25,,,1,,1,,,,,,,,,,,,,,,,,,,,,,,,,,,,,,,
R_3rCwkaIKBU3AlSs,Default Response Set,Anonymous,,,0,6/5/2011 2:48,6/5/2011 2:55,1,1101,1,1,1,1,,1,2,2,2,2,1,3,2,3,2,2,3,2,2,2,3,2,2,2,3,2,2,2,2,1,2,,,,,,,,,,,,,,,,,,,,,,,,,,,,,,,,,,,,,,,,,,,,,,,,,,,,,10,20,30,40,10,40,40,10,,,1,,1,,,,,,,,,,,,,,,,,,,,,,,,,,,,,,,
R_bJieLhQgqiRdT3m,Default Response Set,Anonymous,,,0,6/5/2011 3:12,6/5/2011 4:03,1,1101,1,1,1,1,,,,,,,,,,,,,,,,,,,,,,,,,,,,1,2,1,3,4,4,1,1,2,3,3,3,4,3,1,4,1,2,1,3,3,3,1,3,3,1,,,,,,,,,,,,,,,,,,,,,,,,,,,20,25,35,20,25,25,25,25,,,1,,1,,Thank you,,,,,,,,,,,,,,,,,,,,,,,,,,,,,
R_diNqL5teoN10qiw,Default Response Set,Anonymous,,,0,6/5/2011 5:20,6/5/2011 5:26,1,1101,1,1,1,1,,1,3,1,3,4,2,3,2,3,3,2,3,3,2,2,4,3,3,2,4,1,2,1,1,2,3,,,,,,,,,,,,,,,,,,,,,,,,,,,,,,,,,,,,,,,,,,,,,,,,,,,,,10,30,40,20,5,5,10,80,,,1,,1,,,,,,,,,,,,,,,,,,,,,,,,,,,,,,,
R_6Gzux2qEbpv99CQ,Default Response Set,Anonymous,,,0,6/5/2011 6:18,6/5/2011 6:23,1,1101,1,1,1,1,,,,,,,,,,,,,,,,,,,,,,,,,,,,,,,,,,,,,,,,,,,,,,,,,,,,,,1,2,1,2,2,3,4,2,3,3,3,3,4,3,3,4,3,3,2,3,3,3,1,1,2,3,25,25,25,25,25,25,25,25,,,1,,1,,,,,,,,,,,,,,,,,,,,,,,,,,,,,,,
R_enVQdrM2WR5tTUw,Default Response Set,Anonymous,,,0,6/5/2011 6:31,6/5/2011 6:44,1,1101,1,1,1,1,,,,,,,,,,,,,,,,,,,,,,,,,,,,1,3,3,2,4,2,3,3,3,2,3,4,3,3,3,3,4,3,2,3,3,3,2,2,1,3,,,,,,,,,,,,,,,,,,,,,,,,,,,10,20,35,35,25,25,25,25,,,1,,1,,,,,,,,,,,,,,,,,,,,,,,,,,,,,,,
R_abfb0DvRYOXdtEE,Default Response Set,Anonymous,,,0,6/5/2011 7:38,6/5/2011 7:46,1,1101,1,1,1,1,,1,3,2,3,3,4,1,1,3,4,3,3,4,1,2,4,2,3,1,4,4,3,1,3,4,3,,,,,,,,,,,,,,,,,,,,,,,,,,,,,,,,,,,,,,,,,,,,,,,,,,,,,0,100,0,0,5,45,25,25,,,,,,1,,,,,,,,,,,,,,,,,,,,,,,,,,,,,,
R_4MTUZWqzBH6fNEo,Default Response Set,Anonymous,,,0,6/5/2011 9:31,6/5/2011 9:37,1,1101,1,1,1,1,,,,,,,,,,,,,,,,,,,,,,,,,,,,,,,,,,,,,,,,,,,,,,,,,,,,,,1,3,2,3,3,2,3,3,3,3,2,3,3,3,3,4,3,3,2,3,2,3,2,2,3,3,20,20,20,40,10,20,30,40,,,1,,1,,,,,,,,,,,,,,,,,,,,,,,,,,,,,,,
R_3DajIqAH63GXrx2,Default Response Set,Anonymous,,,0,6/5/2011 9:41,6/5/2011 9:49,1,1101,1,1,1,1,,,,,,,,,,,,,,,,,,,,,,,,,,,,,,,,,,,,,,,,,,,,,,,,,,,,,,1,3,1,2,2,3,2,2,3,2,2,3,2,3,3,3,3,2,2,3,1,2,2,2,2,2,25,25,25,25,15,15,20,50,,,1,,1,,,,,,,,,,,,,,,,,,,,,,,,,,,,,,,
R_ac1BWyTCJCiSHC4,Default Response Set,Anonymous,,,0,6/5/2011 9:47,6/5/2011 9:53,1,1101,1,1,1,1,,,,,,,,,,,,,,,,,,,,,,,,,,,,1,3,2,3,2,2,3,2,3,2,3,3,3,3,3,3,3,3,2,3,3,3,2,2,2,3,,,,,,,,,,,,,,,,,,,,,,,,,,,20,20,20,40,10,20,30,40,,,1,,1,,,,,,,,,,,,,,,,,,,,,,,,,,,,,,,
R_9BmQL2jLttDu6pe,Default Response Set,Anonymous,,,0,6/5/2011 9:49,6/5/2011 9:54,1,1101,1,1,1,1,,1,3,2,3,3,3,3,2,3,3,3,4,3,3,2,4,3,3,2,4,3,2,2,2,2,2,,,,,,,,,,,,,,,,,,,,,,,,,,,,,,,,,,,,,,,,,,,,,,,,,,,,,25,25,25,25,10,20,20,50,,,1,,1,,,,,,,,,,,,,,,,,,,,,,,,,,,,,,,
R_6Pt7Hl8H6aV2Mwk,Default Response Set,Anonymous,,,0,6/5/2011 9:52,6/5/2011 9:59,1,1101,1,1,1,1,,,,,,,,,,,,,,,,,,,,,,,,,,,,,,,,,,,,,,,,,,,,,,,,,,,,,,1,3,3,3,3,4,3,3,3,3,3,4,3,4,3,3,3,4,4,4,4,3,3,3,3,3,25,25,25,25,25,25,25,25,,,1,,1,,none / ,,,,,,,,,,,,,,,,,,,,,,,,,,,,,
R_3sIXYZEXPFrlUEs,Default Response Set,Anonymous,,,0,6/5/2011 10:13,6/5/2011 10:19,1,1101,1,1,1,1,,1,3,2,3,2,3,3,3,3,3,4,3,4,3,3,4,3,3,2,3,4,3,2,1,2,3,,,,,,,,,,,,,,,,,,,,,,,,,,,,,,,,,,,,,,,,,,,,,,,,,,,,,10,10,30,50,10,10,30,50,,,1,,1,,,,,,,,,,,,,,,,,,,,,,,,,,,,,,,
R_eVi5LNmQdVTLn1y,Default Response Set,Anonymous,,,0,6/5/2011 10:16,6/5/2011 10:26,1,1101,1,1,1,1,,,,,,,,,,,,,,,,,,,,,,,,,,,,1,2,1,2,2,2,3,2,3,1,3,3,3,3,2,4,3,2,2,2,2,2,1,1,2,2,,,,,,,,,,,,,,,,,,,,,,,,,,,10,20,35,35,10,20,35,35,,,1,,1,,Thank you and good luck with your study. :-),,,,,,,,,,,,,,,,,,,,,,,,,,,,,
R_00r77sJ2PStmQ3G,Default Response Set,Anonymous,,,0,6/5/2011 10:23,6/5/2011 10:28,1,1101,1,1,1,1,,,,,,,,,,,,,,,,,,,,,,,,,,,,1,3,3,3,3,3,3,3,4,3,4,4,3,3,3,4,4,4,3,3,3,3,3,2,2,3,,,,,,,,,,,,,,,,,,,,,,,,,,,25,25,25,25,25,25,25,25,,,1,,1,,,,,,,,,,,,,,,,,,,,,,,,,,,,,,,
R_0Ujyhv0CSwwU3RO,Default Response Set,Anonymous,,,0,6/5/2011 10:47,6/5/2011 10:51,1,1101,1,1,1,1,,,,,,,,,,,,,,,,,,,,,,,,,,,,,,,,,,,,,,,,,,,,,,,,,,,,,,1,3,2,3,4,3,4,3,4,2,3,4,3,4,4,4,3,4,4,3,3,3,3,2,3,3,10,10,40,40,10,10,40,40,,,1,,1,,,,,,,,,,,,,,,,,,,,,,,,,,,,,,,
R_b7sZ2zkOwSIt5Qg,Default Response Set,Anonymous,,,0,6/5/2011 10:44,6/5/2011 10:52,1,1101,1,1,1,1,,1,2,1,2,3,3,3,2,4,2,2,3,2,3,2,4,3,4,2,2,2,2,1,1,2,2,,,,,,,,,,,,,,,,,,,,,,,,,,,,,,,,,,,,,,,,,,,,,,,,,,,,,25,25,25,25,15,20,25,40,,,1,,1,,,,,,,,,,,,,,,,,,,,,,,,,,,,,,,
R_9RyNmuTBdP8R9yY,Default Response Set,Anonymous,,,0,6/5/2011 11:38,6/5/2011 11:50,1,1101,1,1,1,1,,1,3,2,2,3,3,3,3,3,1,3,3,3,3,3,4,3,3,3,3,3,3,2,2,2,3,,,,,,,,,,,,,,,,,,,,,,,,,,,,,,,,,,,,,,,,,,,,,,,,,,,,,20,20,30,30,25,25,25,25,,,1,,1,,,,,,,,,,,,,,,,,,,,,,,,,,,,,,,
R_eCI7anrL26Lkm3O,Default Response Set,Anonymous,,,0,6/5/2011 11:57,6/5/2011 12:10,1,1101,1,1,1,1,,,,,,,,,,,,,,,,,,,,,,,,,,,,1,3,2,3,3,2,3,3,3,3,3,3,3,3,3,3,3,3,3,3,3,3,3,2,3,3,,,,,,,,,,,,,,,,,,,,,,,,,,,20,20,30,30,20,20,25,35,,,1,,1,,way too long a survey for so little pay....kind of disrespectful to your participants,,,,,,,,,,,,,,,,,,,,,,,,,,,,,
R_cSz9CqHkzubvRhG,Default Response Set,Anonymous,,,0,6/5/2011 12:07,6/5/2011 12:17,1,1101,1,1,1,1,,,,,,,,,,,,,,,,,,,,,,,,,,,,,,,,,,,,,,,,,,,,,,,,,,,,,,1,3,1,3,3,2,3,3,3,2,4,3,4,2,3,4,3,3,2,4,2,3,2,1,2,1,20,20,20,40,25,25,25,25,,,1,,1,,,,,,,,,,,,,,,,,,,,,,,,,,,,,,,
R_6fMsnDG8entmu2w,Default Response Set,Anonymous,,,0,6/5/2011 12:17,6/5/2011 12:22,1,1101,1,1,1,1,,1,4,3,4,3,3,3,3,4,4,4,4,4,3,4,4,4,4,3,4,4,4,3,2,2,4,,,,,,,,,,,,,,,,,,,,,,,,,,,,,,,,,,,,,,,,,,,,,,,,,,,,,10,20,30,40,20,20,30,30,,,1,,1,,,,,,,,,,,,,,,,,,,,,,,,,,,,,,,
R_57oZaNeOVXhHrIE,Default Response Set,Anonymous,,,0,6/5/2011 12:32,6/5/2011 12:37,1,1101,1,1,1,1,,1,4,3,4,3,2,3,3,4,2,4,4,4,3,3,4,4,2,2,4,3,3,3,2,2,3,,,,,,,,,,,,,,,,,,,,,,,,,,,,,,,,,,,,,,,,,,,,,,,,,,,,,20,20,20,40,23,23,23,31,,,1,,1,,,,,,,,,,,,,,,,,,,,,,,,,,,,,,,
R_3jWtX6yMdyAFyKM,Default Response Set,Anonymous,,,0,6/5/2011 12:29,6/5/2011 12:45,1,1101,1,1,1,1,,,,,,,,,,,,,,,,,,,,,,,,,,,,1,4,3,4,3,3,4,3,4,1,3,4,4,4,4,4,4,4,3,4,3,3,3,2,3,3,,,,,,,,,,,,,,,,,,,,,,,,,,,20,25,25,30,20,25,25,30,,,1,,1,,"Thanks for letting me particapate in your study,I found it interesting. Hope my responses were helpful.",,,,,,,,,,,,,,,,,,,,,,,,,,,,,
R_egiMWJeax62Sumo,Default Response Set,Anonymous,,,0,6/5/2011 13:18,6/5/2011 13:26,1,1101,1,1,1,1,,,,,,,,,,,,,,,,,,,,,,,,,,,,,,,,,,,,,,,,,,,,,,,,,,,,,,1,3,3,4,3,3,3,3,3,4,4,4,4,4,3,4,3,4,3,4,3,3,3,2,3,3,25,25,25,25,10,20,30,40,,,1,,1,,,,,,,,,,,,,,,,,,,,,,,,,,,,,,,
R_3IVyzpGVhoAwWVu,Default Response Set,Anonymous,,,0,6/5/2011 13:49,6/5/2011 13:55,1,1101,1,1,1,1,,,,,,,,,,,,,,,,,,,,,,,,,,,,,,,,,,,,,,,,,,,,,,,,,,,,,,1,4,1,3,3,4,3,2,4,2,4,4,3,3,2,4,3,3,3,4,3,3,2,1,2,3,10,20,20,50,10,10,20,60,,,1,,1,,,,,,,,,,,,,,,,,,,,,,,,,,,,,,,
R_5hFrNSunhPAJIos,Default Response Set,Anonymous,,,0,6/5/2011 13:53,6/5/2011 13:59,1,1101,1,1,1,1,,,,,,,,,,,,,,,,,,,,,,,,,,,,1,3,1,4,2,1,1,2,4,2,4,3,3,2,3,3,4,3,1,3,3,3,1,1,2,3,,,,,,,,,,,,,,,,,,,,,,,,,,,21,24,25,30,20,22,25,33,,,1,,1,,thanks!,,,,,,,,,,,,,,,,,,,,,,,,,,,,,
R_e55yUMaJOmo4DaI,Default Response Set,Anonymous,,,0,6/5/2011 14:20,6/5/2011 14:26,1,1101,1,1,1,1,,,,,,,,,,,,,,,,,,,,,,,,,,,,1,4,1,3,4,2,4,3,4,2,4,3,3,4,4,4,4,2,4,3,2,3,2,2,2,4,,,,,,,,,,,,,,,,,,,,,,,,,,,10,10,40,40,20,20,25,35,,,1,,1,,,,,,,,,,,,,,,,,,,,,,,,,,,,,,,
R_0D2jbhaFzJVYhdq,Default Response Set,Anonymous,,,0,6/5/2011 14:30,6/5/2011 14:42,1,1101,1,1,1,1,,,,,,,,,,,,,,,,,,,,,,,,,,,,,,,,,,,,,,,,,,,,,,,,,,,,,,1,3,2,2,1,3,3,2,3,3,3,3,3,3,2,4,3,3,2,3,2,2,2,1,2,3,10,30,30,30,20,30,30,20,,,1,,1,,very interesting survey,,,,,,,,,,,,,,,,,,,,,,,,,,,,,
R_dcebN7DBLfetUri,Default Response Set,Anonymous,,,0,6/5/2011 14:47,6/5/2011 14:54,1,1101,1,1,1,1,,1,3,2,2,4,2,4,3,3,1,3,4,2,4,3,4,3,4,2,3,3,3,2,2,1,3,,,,,,,,,,,,,,,,,,,,,,,,,,,,,,,,,,,,,,,,,,,,,,,,,,,,,20,20,25,35,25,25,25,25,,,1,,1,,,,,,,,,,,,,,,,,,,,,,,,,,,,,,,
R_3P0I7Hvfm6rj7CI,Default Response Set,Anonymous,,,0,6/5/2011 14:57,6/5/2011 15:02,1,1101,1,1,1,1,,1,3,1,2,2,3,3,1,3,2,2,3,3,3,2,3,2,3,2,2,3,2,2,2,2,3,,,,,,,,,,,,,,,,,,,,,,,,,,,,,,,,,,,,,,,,,,,,,,,,,,,,,25,25,25,25,15,25,35,25,,,1,,1,,,,,,,,,,,,,,,,,,,,,,,,,,,,,,,
R_eVgp3OcVrHxKz7m,Default Response Set,Anonymous,,,0,6/5/2011 15:01,6/5/2011 15:06,1,1101,1,1,1,1,,,,,,,,,,,,,,,,,,,,,,,,,,,,,,,,,,,,,,,,,,,,,,,,,,,,,,1,3,3,3,2,3,3,2,3,3,3,3,3,2,3,4,4,3,2,3,4,3,2,1,2,3,25,25,25,25,25,25,25,25,,,1,,1,,,,,,,,,,,,,,,,,,,,,,,,,,,,,,,
R_0960T6Kt7cfV7fK,Default Response Set,Anonymous,,,0,6/5/2011 15:09,6/5/2011 15:15,1,1101,1,1,1,1,,1,3,4,3,2,4,4,2,4,3,4,4,4,4,3,4,4,4,3,4,4,3,2,1,3,3,,,,,,,,,,,,,,,,,,,,,,,,,,,,,,,,,,,,,,,,,,,,,,,,,,,,,25,25,25,25,20,25,25,30,,,1,,1,,,,,,,,,,,,,,,,,,,,,,,,,,,,,,,
R_9zCKF0dHQEXxolS,Default Response Set,Anonymous,,,0,6/5/2011 15:08,6/5/2011 15:16,1,1101,1,1,1,1,,,,,,,,,,,,,,,,,,,,,,,,,,,,1,3,2,3,3,3,3,2,4,3,4,3,4,3,4,4,4,4,3,4,3,4,2,2,2,3,,,,,,,,,,,,,,,,,,,,,,,,,,,25,25,25,25,25,25,25,25,,,1,,1,,,,,,,,,,,,,,,,,,,,,,,,,,,,,,,
R_3I7MEmOOe8qrl9a,Default Response Set,Anonymous,,,0,6/5/2011 15:30,6/5/2011 15:36,1,1101,1,1,1,1,,,,,,,,,,,,,,,,,,,,,,,,,,,,,,,,,,,,,,,,,,,,,,,,,,,,,,1,3,1,3,3,3,3,2,3,2,4,4,4,3,3,4,4,3,2,4,3,4,2,2,2,4,30,15,15,40,3,7,30,60,,,1,,1,,,,,,,,,,,,,,,,,,,,,,,,,,,,,,,
